"","run","id","face","FaceCue","cue","speed"
"1",1,"001",8,"r_8",1,3.40119738166216
"2",1,"001",10,"b_10",2,2.99573227355399
"3",1,"001",15,"b_15",2,2.94443897916644
"4",1,"001",7,"r_7",1,3.61091791264422
"5",1,"001",2,"b_2",2,3.78418963391826
"6",1,"001",1,"r_1",1,3.09104245335832
"7",1,"001",12,"b_12",2,3.52636052461616
"8",1,"001",16,"b_16",2,3.68887945411394
"9",1,"001",3,"b_3",2,3.85014760171006
"10",1,"001",13,"b_13",2,2.99573227355399
"11",1,"001",12,"r_12",1,3.3322045101752
"12",1,"001",6,"r_6",1,3.55534806148941
"13",1,"001",9,"r_9",1,2.99573227355399
"14",1,"001",5,"r_5",1,2.77258872223978
"15",1,"001",15,"r_15",1,3.09104245335832
"16",1,"001",5,"b_5",2,3.73766961828337
"17",1,"001",11,"b_11",2,3.93182563272433
"18",1,"001",2,"r_2",1,3.87120101090789
"19",1,"001",4,"r_4",1,3.63758615972639
"20",1,"001",6,"b_6",2,3.66356164612965
"21",1,"001",1,"b_1",2,3.93182563272433
"22",1,"001",11,"r_11",1,3.80666248977032
"23",1,"001",14,"b_14",2,3.25809653802148
"24",1,"001",7,"b_7",2,3.8286413964891
"25",1,"001",14,"r_14",1,3.58351893845611
"26",1,"001",9,"b_9",2,3.89182029811063
"27",1,"001",16,"r_16",1,3.36729582998647
"28",1,"001",10,"r_10",1,2.99573227355399
"29",1,"001",13,"r_13",1,2.94443897916644
"30",1,"001",4,"b_4",2,3.49650756146648
"31",1,"001",3,"r_3",1,3.89182029811063
"32",1,"001",8,"b_8",2,3.55534806148941
"33",1,"002",8,"r_8",1,2.39789527279837
"34",1,"002",10,"b_10",2,2.39789527279837
"35",1,"002",15,"b_15",2,2.39789527279837
"36",1,"002",7,"r_7",1,2.39789527279837
"37",1,"002",2,"b_2",2,2.39789527279837
"38",1,"002",1,"r_1",1,2.39789527279837
"39",1,"002",12,"b_12",2,2.39789527279837
"40",1,"002",16,"b_16",2,2.39789527279837
"41",1,"002",3,"b_3",2,2.30258509299405
"42",1,"002",13,"b_13",2,2.30258509299405
"43",1,"002",12,"r_12",1,2.30258509299405
"44",1,"002",6,"r_6",1,2.30258509299405
"45",1,"002",9,"r_9",1,2.30258509299405
"46",1,"002",5,"r_5",1,2.30258509299405
"47",1,"002",15,"r_15",1,2.30258509299405
"48",1,"002",5,"b_5",2,2.30258509299405
"49",1,"002",11,"b_11",2,2.30258509299405
"50",1,"002",2,"r_2",1,2.30258509299405
"51",1,"002",4,"r_4",1,2.30258509299405
"52",1,"002",6,"b_6",2,2.30258509299405
"53",1,"002",1,"b_1",2,2.30258509299405
"54",1,"002",11,"r_11",1,2.30258509299405
"55",1,"002",14,"b_14",2,2.30258509299405
"56",1,"002",7,"b_7",2,2.30258509299405
"57",1,"002",14,"r_14",1,2.30258509299405
"58",1,"002",9,"b_9",2,2.30258509299405
"59",1,"002",16,"r_16",1,2.30258509299405
"60",1,"002",10,"r_10",1,2.30258509299405
"61",1,"002",13,"r_13",1,2.30258509299405
"62",1,"002",4,"b_4",2,2.30258509299405
"63",1,"002",3,"r_3",1,2.30258509299405
"64",1,"002",8,"b_8",2,2.30258509299405
"65",1,"003",8,"r_8",1,3.52636052461616
"66",1,"003",10,"b_10",2,2.63905732961526
"67",1,"003",15,"b_15",2,1.94591014905531
"68",1,"003",7,"r_7",1,2.484906649788
"69",1,"003",2,"b_2",2,2.484906649788
"70",1,"003",1,"r_1",1,2.94443897916644
"71",1,"003",12,"b_12",2,3.49650756146648
"72",1,"003",16,"b_16",2,3.17805383034795
"73",1,"003",3,"b_3",2,3.25809653802148
"74",1,"003",13,"b_13",2,3.04452243772342
"75",1,"003",12,"r_12",1,2.39789527279837
"76",1,"003",6,"r_6",1,2.56494935746154
"77",1,"003",9,"r_9",1,2.39789527279837
"78",1,"003",5,"r_5",1,3.63758615972639
"79",1,"003",15,"r_15",1,2.19722457733622
"80",1,"003",5,"b_5",2,2.484906649788
"81",1,"003",11,"b_11",2,2.89037175789616
"82",1,"003",2,"r_2",1,3.09104245335832
"83",1,"003",4,"r_4",1,2.89037175789616
"84",1,"003",6,"b_6",2,3.58351893845611
"85",1,"003",1,"b_1",2,3.2188758248682
"86",1,"003",11,"r_11",1,2.70805020110221
"87",1,"003",14,"b_14",2,2.484906649788
"88",1,"003",7,"b_7",2,2.30258509299405
"89",1,"003",14,"r_14",1,1.94591014905531
"90",1,"003",9,"b_9",2,2.39789527279837
"91",1,"003",16,"r_16",1,2.56494935746154
"92",1,"003",10,"r_10",1,2.63905732961526
"93",1,"003",13,"r_13",1,2.94443897916644
"94",1,"003",4,"b_4",2,2.89037175789616
"95",1,"003",3,"r_3",1,2.94443897916644
"96",1,"003",8,"b_8",2,3.49650756146648
"97",1,"004",8,"r_8",1,2.56494935746154
"98",1,"004",10,"b_10",2,2.484906649788
"99",1,"004",15,"b_15",2,2.19722457733622
"100",1,"004",7,"r_7",1,3.46573590279973
"101",1,"004",2,"b_2",2,2.99573227355399
"102",1,"004",1,"r_1",1,2.70805020110221
"103",1,"004",12,"b_12",2,3.36729582998647
"104",1,"004",16,"b_16",2,3.52636052461616
"105",1,"004",3,"b_3",2,3.2188758248682
"106",1,"004",13,"b_13",2,2.484906649788
"107",1,"004",12,"r_12",1,2.77258872223978
"108",1,"004",6,"r_6",1,3.09104245335832
"109",1,"004",9,"r_9",1,3.17805383034795
"110",1,"004",5,"r_5",1,3.40119738166216
"111",1,"004",15,"r_15",1,3.63758615972639
"112",1,"004",5,"b_5",2,2.89037175789616
"113",1,"004",11,"b_11",2,2.63905732961526
"114",1,"004",2,"r_2",1,3.40119738166216
"115",1,"004",4,"r_4",1,2.94443897916644
"116",1,"004",6,"b_6",2,3.13549421592915
"117",1,"004",1,"b_1",2,3.29583686600433
"118",1,"004",11,"r_11",1,2.99573227355399
"119",1,"004",14,"b_14",2,2.19722457733622
"120",1,"004",7,"b_7",2,2.99573227355399
"121",1,"004",14,"r_14",1,2.39789527279837
"122",1,"004",9,"b_9",2,3.13549421592915
"123",1,"004",16,"r_16",1,2.70805020110221
"124",1,"004",10,"r_10",1,3.09104245335832
"125",1,"004",13,"r_13",1,2.484906649788
"126",1,"004",4,"b_4",2,3.40119738166216
"127",1,"004",3,"r_3",1,3.17805383034795
"128",1,"004",8,"b_8",2,2.63905732961526
"129",1,"006",8,"r_8",1,2.99573227355399
"130",1,"006",10,"b_10",2,2.484906649788
"131",1,"006",15,"b_15",2,2.19722457733622
"132",1,"006",7,"r_7",1,3.49650756146648
"133",1,"006",2,"b_2",2,3.61091791264422
"134",1,"006",1,"r_1",1,2.19722457733622
"135",1,"006",12,"b_12",2,3.46573590279973
"136",1,"006",16,"b_16",2,2.30258509299405
"137",1,"006",3,"b_3",2,3.04452243772342
"138",1,"006",13,"b_13",2,3.2188758248682
"139",1,"006",12,"r_12",1,2.89037175789616
"140",1,"006",6,"r_6",1,2.77258872223978
"141",1,"006",9,"r_9",1,2.30258509299405
"142",1,"006",5,"r_5",1,2.39789527279837
"143",1,"006",15,"r_15",1,2.77258872223978
"144",1,"006",5,"b_5",2,2.70805020110221
"145",1,"006",11,"b_11",2,3.58351893845611
"146",1,"006",2,"r_2",1,3.58351893845611
"147",1,"006",4,"r_4",1,2.70805020110221
"148",1,"006",6,"b_6",2,2.77258872223978
"149",1,"006",1,"b_1",2,3.58351893845611
"150",1,"006",11,"r_11",1,2.99573227355399
"151",1,"006",14,"b_14",2,2.19722457733622
"152",1,"006",7,"b_7",2,3.13549421592915
"153",1,"006",14,"r_14",1,2.39789527279837
"154",1,"006",9,"b_9",2,3.52636052461616
"155",1,"006",16,"r_16",1,3.2188758248682
"156",1,"006",10,"r_10",1,2.484906649788
"157",1,"006",13,"r_13",1,2.19722457733622
"158",1,"006",4,"b_4",2,3.46573590279973
"159",1,"006",3,"r_3",1,3.3322045101752
"160",1,"006",8,"b_8",2,2.89037175789616
"161",1,"007",8,"r_8",1,3.04452243772342
"162",1,"007",10,"b_10",2,2.484906649788
"163",1,"007",15,"b_15",2,2.99573227355399
"164",1,"007",7,"r_7",1,2.99573227355399
"165",1,"007",2,"b_2",2,3.09104245335832
"166",1,"007",1,"r_1",1,2.63905732961526
"167",1,"007",12,"b_12",2,2.63905732961526
"168",1,"007",16,"b_16",2,2.89037175789616
"169",1,"007",3,"b_3",2,2.94443897916644
"170",1,"007",13,"b_13",2,2.19722457733622
"171",1,"007",12,"r_12",1,3.3322045101752
"172",1,"007",6,"r_6",1,3.09104245335832
"173",1,"007",9,"r_9",1,2.39789527279837
"174",1,"007",5,"r_5",1,3.2188758248682
"175",1,"007",15,"r_15",1,2.70805020110221
"176",1,"007",5,"b_5",2,3.13549421592915
"177",1,"007",11,"b_11",2,3.40119738166216
"178",1,"007",2,"r_2",1,2.63905732961526
"179",1,"007",4,"r_4",1,3.04452243772342
"180",1,"007",6,"b_6",2,3.09104245335832
"181",1,"007",1,"b_1",2,3.04452243772342
"182",1,"007",11,"r_11",1,3.36729582998647
"183",1,"007",14,"b_14",2,2.77258872223978
"184",1,"007",7,"b_7",2,3.36729582998647
"185",1,"007",14,"r_14",1,3.04452243772342
"186",1,"007",9,"b_9",2,3.17805383034795
"187",1,"007",16,"r_16",1,2.56494935746154
"188",1,"007",10,"r_10",1,2.30258509299405
"189",1,"007",13,"r_13",1,2.30258509299405
"190",1,"007",4,"b_4",2,3.25809653802148
"191",1,"007",3,"r_3",1,2.63905732961526
"192",1,"007",8,"b_8",2,2.83321334405622
"193",1,"009",8,"r_8",1,3.3322045101752
"194",1,"009",10,"b_10",2,2.63905732961526
"195",1,"009",15,"b_15",2,2.77258872223978
"196",1,"009",7,"r_7",1,3.04452243772342
"197",1,"009",2,"b_2",2,3.13549421592915
"198",1,"009",1,"r_1",1,2.70805020110221
"199",1,"009",12,"b_12",2,3.04452243772342
"200",1,"009",16,"b_16",2,3.2188758248682
"201",1,"009",3,"b_3",2,3.55534806148941
"202",1,"009",13,"b_13",2,3.09104245335832
"203",1,"009",12,"r_12",1,3.17805383034795
"204",1,"009",6,"r_6",1,3.3322045101752
"205",1,"009",9,"r_9",1,2.70805020110221
"206",1,"009",5,"r_5",1,2.484906649788
"207",1,"009",15,"r_15",1,3.43398720448515
"208",1,"009",5,"b_5",2,3.13549421592915
"209",1,"009",11,"b_11",2,3.29583686600433
"210",1,"009",2,"r_2",1,2.484906649788
"211",1,"009",4,"r_4",1,3.52636052461616
"212",1,"009",6,"b_6",2,2.63905732961526
"213",1,"009",1,"b_1",2,3.2188758248682
"214",1,"009",11,"r_11",1,3.52636052461616
"215",1,"009",14,"b_14",2,3.3322045101752
"216",1,"009",7,"b_7",2,2.77258872223978
"217",1,"009",14,"r_14",1,2.39789527279837
"218",1,"009",9,"b_9",2,2.94443897916644
"219",1,"009",16,"r_16",1,3.46573590279973
"220",1,"009",10,"r_10",1,3.17805383034795
"221",1,"009",13,"r_13",1,2.99573227355399
"222",1,"009",4,"b_4",2,3.40119738166216
"223",1,"009",3,"r_3",1,2.94443897916644
"224",1,"009",8,"b_8",2,3.25809653802148
"225",1,"010",8,"r_8",1,2.484906649788
"226",1,"010",10,"b_10",2,2.39789527279837
"227",1,"010",15,"b_15",2,2.19722457733622
"228",1,"010",7,"r_7",1,2.63905732961526
"229",1,"010",2,"b_2",2,2.63905732961526
"230",1,"010",1,"r_1",1,2.19722457733622
"231",1,"010",12,"b_12",2,2.83321334405622
"232",1,"010",16,"b_16",2,2.07944154167984
"233",1,"010",3,"b_3",2,3.04452243772342
"234",1,"010",13,"b_13",2,2.89037175789616
"235",1,"010",12,"r_12",1,2.19722457733622
"236",1,"010",6,"r_6",1,2.99573227355399
"237",1,"010",9,"r_9",1,2.07944154167984
"238",1,"010",5,"r_5",1,1.94591014905531
"239",1,"010",15,"r_15",1,2.77258872223978
"240",1,"010",5,"b_5",2,2.99573227355399
"241",1,"010",11,"b_11",2,2.94443897916644
"242",1,"010",2,"r_2",1,2.39789527279837
"243",1,"010",4,"r_4",1,3.13549421592915
"244",1,"010",6,"b_6",2,2.56494935746154
"245",1,"010",1,"b_1",2,2.30258509299405
"246",1,"010",11,"r_11",1,2.484906649788
"247",1,"010",14,"b_14",2,2.30258509299405
"248",1,"010",7,"b_7",2,2.484906649788
"249",1,"010",14,"r_14",1,2.94443897916644
"250",1,"010",9,"b_9",2,3.2188758248682
"251",1,"010",16,"r_16",1,2.19722457733622
"252",1,"010",10,"r_10",1,2.39789527279837
"253",1,"010",13,"r_13",1,2.07944154167984
"254",1,"010",4,"b_4",2,3.09104245335832
"255",1,"010",3,"r_3",1,2.484906649788
"256",1,"010",8,"b_8",2,3.09104245335832
"257",1,"011",8,"r_8",1,2.30258509299405
"258",1,"011",10,"b_10",2,1.6094379124341
"259",1,"011",15,"b_15",2,1.38629436111989
"260",1,"011",7,"r_7",1,1.6094379124341
"261",1,"011",2,"b_2",2,2.19722457733622
"262",1,"011",1,"r_1",1,1.6094379124341
"263",1,"011",12,"b_12",2,2.30258509299405
"264",1,"011",16,"b_16",2,2.30258509299405
"265",1,"011",3,"b_3",2,1.79175946922805
"266",1,"011",13,"b_13",2,1.38629436111989
"267",1,"011",12,"r_12",1,2.30258509299405
"268",1,"011",6,"r_6",1,1.6094379124341
"269",1,"011",9,"r_9",1,1.94591014905531
"270",1,"011",5,"r_5",1,1.38629436111989
"271",1,"011",15,"r_15",1,2.07944154167984
"272",1,"011",5,"b_5",2,2.30258509299405
"273",1,"011",11,"b_11",2,1.38629436111989
"274",1,"011",2,"r_2",1,2.07944154167984
"275",1,"011",4,"r_4",1,2.07944154167984
"276",1,"011",6,"b_6",2,1.38629436111989
"277",1,"011",1,"b_1",2,2.30258509299405
"278",1,"011",11,"r_11",1,2.07944154167984
"279",1,"011",14,"b_14",2,1.09861228866811
"280",1,"011",7,"b_7",2,1.38629436111989
"281",1,"011",14,"r_14",1,2.19722457733622
"282",1,"011",9,"b_9",2,2.19722457733622
"283",1,"011",16,"r_16",1,2.19722457733622
"284",1,"011",10,"r_10",1,1.38629436111989
"285",1,"011",13,"r_13",1,1.09861228866811
"286",1,"011",4,"b_4",2,1.94591014905531
"287",1,"011",3,"r_3",1,1.79175946922805
"288",1,"011",8,"b_8",2,2.19722457733622
"289",1,"015",8,"r_8",1,1.94591014905531
"290",1,"015",10,"b_10",2,2.07944154167984
"291",1,"015",15,"b_15",2,2.19722457733622
"292",1,"015",7,"r_7",1,2.19722457733622
"293",1,"015",2,"b_2",2,2.484906649788
"294",1,"015",1,"r_1",1,1.79175946922805
"295",1,"015",12,"b_12",2,2.07944154167984
"296",1,"015",16,"b_16",2,2.39789527279837
"297",1,"015",3,"b_3",2,2.19722457733622
"298",1,"015",13,"b_13",2,1.94591014905531
"299",1,"015",12,"r_12",1,1.79175946922805
"300",1,"015",6,"r_6",1,2.07944154167984
"301",1,"015",9,"r_9",1,2.19722457733622
"302",1,"015",5,"r_5",1,2.39789527279837
"303",1,"015",15,"r_15",1,2.07944154167984
"304",1,"015",5,"b_5",2,2.39789527279837
"305",1,"015",11,"b_11",2,2.39789527279837
"306",1,"015",2,"r_2",1,2.07944154167984
"307",1,"015",4,"r_4",1,2.07944154167984
"308",1,"015",6,"b_6",2,1.94591014905531
"309",1,"015",1,"b_1",2,2.07944154167984
"310",1,"015",11,"r_11",1,2.39789527279837
"311",1,"015",14,"b_14",2,2.39789527279837
"312",1,"015",7,"b_7",2,1.94591014905531
"313",1,"015",14,"r_14",1,1.94591014905531
"314",1,"015",9,"b_9",2,2.07944154167984
"315",1,"015",16,"r_16",1,1.94591014905531
"316",1,"015",10,"r_10",1,1.94591014905531
"317",1,"015",13,"r_13",1,2.07944154167984
"318",1,"015",4,"b_4",2,1.94591014905531
"319",1,"015",3,"r_3",1,2.19722457733622
"320",1,"015",8,"b_8",2,1.94591014905531
"321",1,"017",8,"r_8",1,2.07944154167984
"322",1,"017",10,"b_10",2,2.19722457733622
"323",1,"017",15,"b_15",2,1.94591014905531
"324",1,"017",7,"r_7",1,2.63905732961526
"325",1,"017",2,"b_2",2,2.77258872223978
"326",1,"017",1,"r_1",1,2.30258509299405
"327",1,"017",12,"b_12",2,2.77258872223978
"328",1,"017",16,"b_16",2,2.07944154167984
"329",1,"017",3,"b_3",2,2.77258872223978
"330",1,"017",13,"b_13",2,2.19722457733622
"331",1,"017",12,"r_12",1,1.94591014905531
"332",1,"017",6,"r_6",1,2.77258872223978
"333",1,"017",9,"r_9",1,2.63905732961526
"334",1,"017",5,"r_5",1,2.30258509299405
"335",1,"017",15,"r_15",1,1.94591014905531
"336",1,"017",5,"b_5",2,2.484906649788
"337",1,"017",11,"b_11",2,2.19722457733622
"338",1,"017",2,"r_2",1,2.77258872223978
"339",1,"017",4,"r_4",1,1.79175946922805
"340",1,"017",6,"b_6",2,2.39789527279837
"341",1,"017",1,"b_1",2,2.77258872223978
"342",1,"017",11,"r_11",1,2.77258872223978
"343",1,"017",14,"b_14",2,2.07944154167984
"344",1,"017",7,"b_7",2,1.94591014905531
"345",1,"017",14,"r_14",1,2.77258872223978
"346",1,"017",9,"b_9",2,2.39789527279837
"347",1,"017",16,"r_16",1,1.79175946922805
"348",1,"017",10,"r_10",1,2.19722457733622
"349",1,"017",13,"r_13",1,2.19722457733622
"350",1,"017",4,"b_4",2,2.39789527279837
"351",1,"017",3,"r_3",1,2.30258509299405
"352",1,"017",8,"b_8",2,2.70805020110221
"353",1,"018",8,"r_8",1,2.30258509299405
"354",1,"018",10,"b_10",2,2.07944154167984
"355",1,"018",15,"b_15",2,2.30258509299405
"356",1,"018",7,"r_7",1,2.30258509299405
"357",1,"018",2,"b_2",2,2.30258509299405
"358",1,"018",1,"r_1",1,2.30258509299405
"359",1,"018",12,"b_12",2,2.07944154167984
"360",1,"018",16,"b_16",2,2.30258509299405
"361",1,"018",3,"b_3",2,2.30258509299405
"362",1,"018",13,"b_13",2,2.19722457733622
"363",1,"018",12,"r_12",1,2.30258509299405
"364",1,"018",6,"r_6",1,2.30258509299405
"365",1,"018",9,"r_9",1,2.30258509299405
"366",1,"018",5,"r_5",1,2.30258509299405
"367",1,"018",15,"r_15",1,2.30258509299405
"368",1,"018",5,"b_5",2,2.30258509299405
"369",1,"018",11,"b_11",2,2.30258509299405
"370",1,"018",2,"r_2",1,2.30258509299405
"371",1,"018",4,"r_4",1,2.30258509299405
"372",1,"018",6,"b_6",2,2.30258509299405
"373",1,"018",1,"b_1",2,2.30258509299405
"374",1,"018",11,"r_11",1,2.30258509299405
"375",1,"018",14,"b_14",2,2.30258509299405
"376",1,"018",7,"b_7",2,2.30258509299405
"377",1,"018",14,"r_14",1,2.30258509299405
"378",1,"018",9,"b_9",2,2.07944154167984
"379",1,"018",16,"r_16",1,2.19722457733622
"380",1,"018",10,"r_10",1,2.30258509299405
"381",1,"018",13,"r_13",1,2.19722457733622
"382",1,"018",4,"b_4",2,2.30258509299405
"383",1,"018",3,"r_3",1,2.30258509299405
"384",1,"018",8,"b_8",2,2.30258509299405
"385",1,"019",8,"r_8",1,2.07944154167984
"386",1,"019",10,"b_10",2,2.07944154167984
"387",1,"019",15,"b_15",2,2.39789527279837
"388",1,"019",7,"r_7",1,2.63905732961526
"389",1,"019",2,"b_2",2,1.94591014905531
"390",1,"019",1,"r_1",1,2.07944154167984
"391",1,"019",12,"b_12",2,2.77258872223978
"392",1,"019",16,"b_16",2,2.30258509299405
"393",1,"019",3,"b_3",2,2.484906649788
"394",1,"019",13,"b_13",2,1.94591014905531
"395",1,"019",12,"r_12",1,2.30258509299405
"396",1,"019",6,"r_6",1,2.19722457733622
"397",1,"019",9,"r_9",1,2.30258509299405
"398",1,"019",5,"r_5",1,2.484906649788
"399",1,"019",15,"r_15",1,2.70805020110221
"400",1,"019",5,"b_5",2,2.70805020110221
"401",1,"019",11,"b_11",2,2.77258872223978
"402",1,"019",2,"r_2",1,2.30258509299405
"403",1,"019",4,"r_4",1,2.19722457733622
"404",1,"019",6,"b_6",2,2.56494935746154
"405",1,"019",1,"b_1",2,2.30258509299405
"406",1,"019",11,"r_11",1,2.77258872223978
"407",1,"019",14,"b_14",2,2.19722457733622
"408",1,"019",7,"b_7",2,2.56494935746154
"409",1,"019",14,"r_14",1,2.63905732961526
"410",1,"019",9,"b_9",2,2.70805020110221
"411",1,"019",16,"r_16",1,2.19722457733622
"412",1,"019",10,"r_10",1,2.30258509299405
"413",1,"019",13,"r_13",1,1.79175946922805
"414",1,"019",4,"b_4",2,1.79175946922805
"415",1,"019",3,"r_3",1,2.63905732961526
"416",1,"019",8,"b_8",2,2.19722457733622
"417",1,"021",8,"r_8",1,2.39789527279837
"418",1,"021",10,"b_10",2,2.19722457733622
"419",1,"021",15,"b_15",2,1.94591014905531
"420",1,"021",7,"r_7",1,1.94591014905531
"421",1,"021",2,"b_2",2,2.63905732961526
"422",1,"021",1,"r_1",1,1.94591014905531
"423",1,"021",12,"b_12",2,2.07944154167984
"424",1,"021",16,"b_16",2,2.63905732961526
"425",1,"021",3,"b_3",2,2.89037175789616
"426",1,"021",13,"b_13",2,1.94591014905531
"427",1,"021",12,"r_12",1,2.63905732961526
"428",1,"021",6,"r_6",1,2.70805020110221
"429",1,"021",9,"r_9",1,2.56494935746154
"430",1,"021",5,"r_5",1,2.19722457733622
"431",1,"021",15,"r_15",1,2.83321334405622
"432",1,"021",5,"b_5",2,2.83321334405622
"433",1,"021",11,"b_11",2,2.56494935746154
"434",1,"021",2,"r_2",1,2.70805020110221
"435",1,"021",4,"r_4",1,2.484906649788
"436",1,"021",6,"b_6",2,2.30258509299405
"437",1,"021",1,"b_1",2,2.39789527279837
"438",1,"021",11,"r_11",1,2.70805020110221
"439",1,"021",14,"b_14",2,2.56494935746154
"440",1,"021",7,"b_7",2,2.07944154167984
"441",1,"021",14,"r_14",1,2.63905732961526
"442",1,"021",9,"b_9",2,2.83321334405622
"443",1,"021",16,"r_16",1,1.79175946922805
"444",1,"021",10,"r_10",1,2.39789527279837
"445",1,"021",13,"r_13",1,2.19722457733622
"446",1,"021",4,"b_4",2,2.30258509299405
"447",1,"021",3,"r_3",1,2.77258872223978
"448",1,"021",8,"b_8",2,2.77258872223978
"449",1,"022",8,"r_8",1,2.484906649788
"450",1,"022",10,"b_10",2,2.484906649788
"451",1,"022",15,"b_15",2,1.94591014905531
"452",1,"022",7,"r_7",1,2.70805020110221
"453",1,"022",2,"b_2",2,2.56494935746154
"454",1,"022",1,"r_1",1,2.07944154167984
"455",1,"022",12,"b_12",2,2.70805020110221
"456",1,"022",16,"b_16",2,2.56494935746154
"457",1,"022",3,"b_3",2,2.484906649788
"458",1,"022",13,"b_13",2,1.94591014905531
"459",1,"022",12,"r_12",1,2.39789527279837
"460",1,"022",6,"r_6",1,2.484906649788
"461",1,"022",9,"r_9",1,2.30258509299405
"462",1,"022",5,"r_5",1,2.07944154167984
"463",1,"022",15,"r_15",1,2.07944154167984
"464",1,"022",5,"b_5",2,2.70805020110221
"465",1,"022",11,"b_11",2,2.484906649788
"466",1,"022",2,"r_2",1,2.70805020110221
"467",1,"022",4,"r_4",1,2.484906649788
"468",1,"022",6,"b_6",2,2.63905732961526
"469",1,"022",1,"b_1",2,2.70805020110221
"470",1,"022",11,"r_11",1,2.63905732961526
"471",1,"022",14,"b_14",2,2.39789527279837
"472",1,"022",7,"b_7",2,2.30258509299405
"473",1,"022",14,"r_14",1,2.70805020110221
"474",1,"022",9,"b_9",2,2.39789527279837
"475",1,"022",16,"r_16",1,2.30258509299405
"476",1,"022",10,"r_10",1,2.30258509299405
"477",1,"022",13,"r_13",1,1.94591014905531
"478",1,"022",4,"b_4",2,2.63905732961526
"479",1,"022",3,"r_3",1,2.63905732961526
"480",1,"022",8,"b_8",2,2.56494935746154
"481",1,"023",8,"r_8",1,1.38629436111989
"482",1,"023",10,"b_10",2,2.07944154167984
"483",1,"023",15,"b_15",2,2.70805020110221
"484",1,"023",7,"r_7",1,2.07944154167984
"485",1,"023",2,"b_2",2,1.79175946922805
"486",1,"023",1,"r_1",1,1.38629436111989
"487",1,"023",12,"b_12",2,1.38629436111989
"488",1,"023",16,"b_16",2,2.83321334405622
"489",1,"023",3,"b_3",2,2.30258509299405
"490",1,"023",13,"b_13",2,1.09861228866811
"491",1,"023",12,"r_12",1,2.19722457733622
"492",1,"023",6,"r_6",1,1.79175946922805
"493",1,"023",9,"r_9",1,2.30258509299405
"494",1,"023",5,"r_5",1,2.63905732961526
"495",1,"023",15,"r_15",1,1.09861228866811
"496",1,"023",5,"b_5",2,2.07944154167984
"497",1,"023",11,"b_11",2,1.94591014905531
"498",1,"023",2,"r_2",1,1.38629436111989
"499",1,"023",4,"r_4",1,2.39789527279837
"500",1,"023",6,"b_6",2,2.19722457733622
"501",1,"023",1,"b_1",2,2.83321334405622
"502",1,"023",11,"r_11",1,2.56494935746154
"503",1,"023",14,"b_14",2,1.79175946922805
"504",1,"023",7,"b_7",2,2.63905732961526
"505",1,"023",14,"r_14",1,1.09861228866811
"506",1,"023",9,"b_9",2,1.6094379124341
"507",1,"023",16,"r_16",1,2.484906649788
"508",1,"023",10,"r_10",1,1.38629436111989
"509",1,"023",13,"r_13",1,1.09861228866811
"510",1,"023",4,"b_4",2,2.83321334405622
"511",1,"023",3,"r_3",1,1.79175946922805
"512",1,"023",8,"b_8",2,1.6094379124341
"513",1,"024",8,"r_8",1,2.77258872223978
"514",1,"024",10,"b_10",2,2.07944154167984
"515",1,"024",15,"b_15",2,2.30258509299405
"516",1,"024",7,"r_7",1,2.19722457733622
"517",1,"024",2,"b_2",2,2.484906649788
"518",1,"024",1,"r_1",1,2.30258509299405
"519",1,"024",12,"b_12",2,2.89037175789616
"520",1,"024",16,"b_16",2,2.63905732961526
"521",1,"024",3,"b_3",2,2.83321334405622
"522",1,"024",13,"b_13",2,2.07944154167984
"523",1,"024",12,"r_12",1,2.39789527279837
"524",1,"024",6,"r_6",1,2.63905732961526
"525",1,"024",9,"r_9",1,1.94591014905531
"526",1,"024",5,"r_5",1,1.94591014905531
"527",1,"024",15,"r_15",1,2.83321334405622
"528",1,"024",5,"b_5",2,2.63905732961526
"529",1,"024",11,"b_11",2,2.39789527279837
"530",1,"024",2,"r_2",1,2.63905732961526
"531",1,"024",4,"r_4",1,2.39789527279837
"532",1,"024",6,"b_6",2,2.63905732961526
"533",1,"024",1,"b_1",2,2.63905732961526
"534",1,"024",11,"r_11",1,2.19722457733622
"535",1,"024",14,"b_14",2,2.484906649788
"536",1,"024",7,"b_7",2,2.83321334405622
"537",1,"024",14,"r_14",1,2.63905732961526
"538",1,"024",9,"b_9",2,2.63905732961526
"539",1,"024",16,"r_16",1,2.484906649788
"540",1,"024",10,"r_10",1,1.94591014905531
"541",1,"024",13,"r_13",1,1.79175946922805
"542",1,"024",4,"b_4",2,2.56494935746154
"543",1,"024",3,"r_3",1,2.30258509299405
"544",1,"024",8,"b_8",2,2.77258872223978
"545",1,"025",8,"r_8",1,2.94443897916644
"546",1,"025",10,"b_10",2,2.19722457733622
"547",1,"025",15,"b_15",2,2.99573227355399
"548",1,"025",7,"r_7",1,2.19722457733622
"549",1,"025",2,"b_2",2,2.99573227355399
"550",1,"025",1,"r_1",1,2.77258872223978
"551",1,"025",12,"b_12",2,2.63905732961526
"552",1,"025",16,"b_16",2,2.99573227355399
"553",1,"025",3,"b_3",2,2.99573227355399
"554",1,"025",13,"b_13",2,2.56494935746154
"555",1,"025",12,"r_12",1,2.99573227355399
"556",1,"025",6,"r_6",1,2.19722457733622
"557",1,"025",9,"r_9",1,2.63905732961526
"558",1,"025",5,"r_5",1,2.94443897916644
"559",1,"025",15,"r_15",1,2.63905732961526
"560",1,"025",5,"b_5",2,2.56494935746154
"561",1,"025",11,"b_11",2,2.94443897916644
"562",1,"025",2,"r_2",1,2.77258872223978
"563",1,"025",4,"r_4",1,2.07944154167984
"564",1,"025",6,"b_6",2,2.56494935746154
"565",1,"025",1,"b_1",2,2.89037175789616
"566",1,"025",11,"r_11",1,2.70805020110221
"567",1,"025",14,"b_14",2,2.63905732961526
"568",1,"025",7,"b_7",2,2.30258509299405
"569",1,"025",14,"r_14",1,2.39789527279837
"570",1,"025",9,"b_9",2,2.83321334405622
"571",1,"025",16,"r_16",1,2.94443897916644
"572",1,"025",10,"r_10",1,2.30258509299405
"573",1,"025",13,"r_13",1,2.484906649788
"574",1,"025",4,"b_4",2,2.07944154167984
"575",1,"025",3,"r_3",1,2.30258509299405
"576",1,"025",8,"b_8",2,2.70805020110221
"577",1,"026",8,"r_8",1,2.39789527279837
"578",1,"026",10,"b_10",2,2.30258509299405
"579",1,"026",15,"b_15",2,2.56494935746154
"580",1,"026",7,"r_7",1,2.94443897916644
"581",1,"026",2,"b_2",2,3.3322045101752
"582",1,"026",1,"r_1",1,1.94591014905531
"583",1,"026",12,"b_12",2,2.63905732961526
"584",1,"026",16,"b_16",2,2.19722457733622
"585",1,"026",3,"b_3",2,2.07944154167984
"586",1,"026",13,"b_13",2,1.94591014905531
"587",1,"026",12,"r_12",1,1.94591014905531
"588",1,"026",6,"r_6",1,3.17805383034795
"589",1,"026",9,"r_9",1,2.07944154167984
"590",1,"026",5,"r_5",1,2.19722457733622
"591",1,"026",15,"r_15",1,3.17805383034795
"592",1,"026",5,"b_5",2,2.89037175789616
"593",1,"026",11,"b_11",2,2.63905732961526
"594",1,"026",2,"r_2",1,3.29583686600433
"595",1,"026",4,"r_4",1,2.07944154167984
"596",1,"026",6,"b_6",2,2.70805020110221
"597",1,"026",1,"b_1",2,2.77258872223978
"598",1,"026",11,"r_11",1,2.89037175789616
"599",1,"026",14,"b_14",2,2.39789527279837
"600",1,"026",7,"b_7",2,2.39789527279837
"601",1,"026",14,"r_14",1,2.56494935746154
"602",1,"026",9,"b_9",2,2.83321334405622
"603",1,"026",16,"r_16",1,2.30258509299405
"604",1,"026",10,"r_10",1,2.39789527279837
"605",1,"026",13,"r_13",1,2.07944154167984
"606",1,"026",4,"b_4",2,2.83321334405622
"607",1,"026",3,"r_3",1,2.39789527279837
"608",1,"026",8,"b_8",2,2.39789527279837
"609",1,"027",8,"r_8",1,2.89037175789616
"610",1,"027",10,"b_10",2,2.56494935746154
"611",1,"027",15,"b_15",2,2.19722457733622
"612",1,"027",7,"r_7",1,2.484906649788
"613",1,"027",2,"b_2",2,3.13549421592915
"614",1,"027",1,"r_1",1,2.63905732961526
"615",1,"027",12,"b_12",2,2.56494935746154
"616",1,"027",16,"b_16",2,2.56494935746154
"617",1,"027",3,"b_3",2,2.39789527279837
"618",1,"027",13,"b_13",2,1.79175946922805
"619",1,"027",12,"r_12",1,2.94443897916644
"620",1,"027",6,"r_6",1,2.19722457733622
"621",1,"027",9,"r_9",1,2.94443897916644
"622",1,"027",5,"r_5",1,2.89037175789616
"623",1,"027",15,"r_15",1,2.63905732961526
"624",1,"027",5,"b_5",2,2.99573227355399
"625",1,"027",11,"b_11",2,1.94591014905531
"626",1,"027",2,"r_2",1,3.04452243772342
"627",1,"027",4,"r_4",1,2.94443897916644
"628",1,"027",6,"b_6",2,2.07944154167984
"629",1,"027",1,"b_1",2,2.39789527279837
"630",1,"027",11,"r_11",1,2.30258509299405
"631",1,"027",14,"b_14",2,2.19722457733622
"632",1,"027",7,"b_7",2,2.39789527279837
"633",1,"027",14,"r_14",1,2.19722457733622
"634",1,"027",9,"b_9",2,2.77258872223978
"635",1,"027",16,"r_16",1,2.89037175789616
"636",1,"027",10,"r_10",1,2.56494935746154
"637",1,"027",13,"r_13",1,2.94443897916644
"638",1,"027",4,"b_4",2,2.56494935746154
"639",1,"027",3,"r_3",1,2.30258509299405
"640",1,"027",8,"b_8",2,2.56494935746154
"641",1,"028",8,"r_8",1,2.83321334405622
"642",1,"028",10,"b_10",2,2.83321334405622
"643",1,"028",15,"b_15",2,1.94591014905531
"644",1,"028",7,"r_7",1,2.30258509299405
"645",1,"028",2,"b_2",2,3.17805383034795
"646",1,"028",1,"r_1",1,3.09104245335832
"647",1,"028",12,"b_12",2,2.89037175789616
"648",1,"028",16,"b_16",2,2.56494935746154
"649",1,"028",3,"b_3",2,2.63905732961526
"650",1,"028",13,"b_13",2,2.70805020110221
"651",1,"028",12,"r_12",1,1.94591014905531
"652",1,"028",6,"r_6",1,2.56494935746154
"653",1,"028",9,"r_9",1,2.484906649788
"654",1,"028",5,"r_5",1,2.56494935746154
"655",1,"028",15,"r_15",1,2.89037175789616
"656",1,"028",5,"b_5",2,2.99573227355399
"657",1,"028",11,"b_11",2,2.89037175789616
"658",1,"028",2,"r_2",1,3.13549421592915
"659",1,"028",4,"r_4",1,3.13549421592915
"660",1,"028",6,"b_6",2,2.07944154167984
"661",1,"028",1,"b_1",2,2.39789527279837
"662",1,"028",11,"r_11",1,2.83321334405622
"663",1,"028",14,"b_14",2,2.07944154167984
"664",1,"028",7,"b_7",2,2.70805020110221
"665",1,"028",14,"r_14",1,2.70805020110221
"666",1,"028",9,"b_9",2,2.99573227355399
"667",1,"028",16,"r_16",1,2.77258872223978
"668",1,"028",10,"r_10",1,3.13549421592915
"669",1,"028",13,"r_13",1,2.30258509299405
"670",1,"028",4,"b_4",2,2.30258509299405
"671",1,"028",3,"r_3",1,2.70805020110221
"672",1,"028",8,"b_8",2,2.77258872223978
"673",1,"029",8,"r_8",1,2.19722457733622
"674",1,"029",10,"b_10",2,2.07944154167984
"675",1,"029",15,"b_15",2,1.94591014905531
"676",1,"029",7,"r_7",1,2.39789527279837
"677",1,"029",2,"b_2",2,2.56494935746154
"678",1,"029",1,"r_1",1,1.94591014905531
"679",1,"029",12,"b_12",2,2.30258509299405
"680",1,"029",16,"b_16",2,2.484906649788
"681",1,"029",3,"b_3",2,2.70805020110221
"682",1,"029",13,"b_13",2,1.79175946922805
"683",1,"029",12,"r_12",1,2.19722457733622
"684",1,"029",6,"r_6",1,2.70805020110221
"685",1,"029",9,"r_9",1,2.39789527279837
"686",1,"029",5,"r_5",1,2.484906649788
"687",1,"029",15,"r_15",1,2.30258509299405
"688",1,"029",5,"b_5",2,2.39789527279837
"689",1,"029",11,"b_11",2,1.94591014905531
"690",1,"029",2,"r_2",1,2.63905732961526
"691",1,"029",4,"r_4",1,2.07944154167984
"692",1,"029",6,"b_6",2,2.56494935746154
"693",1,"029",1,"b_1",2,1.94591014905531
"694",1,"029",11,"r_11",1,2.07944154167984
"695",1,"029",14,"b_14",2,2.19722457733622
"696",1,"029",7,"b_7",2,2.07944154167984
"697",1,"029",14,"r_14",1,1.94591014905531
"698",1,"029",9,"b_9",2,2.07944154167984
"699",1,"029",16,"r_16",1,2.56494935746154
"700",1,"029",10,"r_10",1,2.07944154167984
"701",1,"029",13,"r_13",1,2.30258509299405
"702",1,"029",4,"b_4",2,2.484906649788
"703",1,"029",3,"r_3",1,2.484906649788
"704",1,"029",8,"b_8",2,2.56494935746154
"705",1,"030",8,"r_8",1,2.07944154167984
"706",1,"030",10,"b_10",2,1.94591014905531
"707",1,"030",15,"b_15",2,1.79175946922805
"708",1,"030",7,"r_7",1,1.79175946922805
"709",1,"030",2,"b_2",2,2.70805020110221
"710",1,"030",1,"r_1",1,2.63905732961526
"711",1,"030",12,"b_12",2,2.83321334405622
"712",1,"030",16,"b_16",2,2.484906649788
"713",1,"030",3,"b_3",2,2.63905732961526
"714",1,"030",13,"b_13",2,1.79175946922805
"715",1,"030",12,"r_12",1,1.94591014905531
"716",1,"030",6,"r_6",1,2.484906649788
"717",1,"030",9,"r_9",1,1.79175946922805
"718",1,"030",5,"r_5",1,1.79175946922805
"719",1,"030",15,"r_15",1,2.63905732961526
"720",1,"030",5,"b_5",2,2.83321334405622
"721",1,"030",11,"b_11",2,2.19722457733622
"722",1,"030",2,"r_2",1,2.07944154167984
"723",1,"030",4,"r_4",1,1.79175946922805
"724",1,"030",6,"b_6",2,2.19722457733622
"725",1,"030",1,"b_1",2,2.30258509299405
"726",1,"030",11,"r_11",1,2.56494935746154
"727",1,"030",14,"b_14",2,1.79175946922805
"728",1,"030",7,"b_7",2,1.79175946922805
"729",1,"030",14,"r_14",1,1.79175946922805
"730",1,"030",9,"b_9",2,2.19722457733622
"731",1,"030",16,"r_16",1,2.484906649788
"732",1,"030",10,"r_10",1,1.79175946922805
"733",1,"030",13,"r_13",1,1.79175946922805
"734",1,"030",4,"b_4",2,1.79175946922805
"735",1,"030",3,"r_3",1,2.39789527279837
"736",1,"030",8,"b_8",2,2.19722457733622
"737",1,"031",8,"r_8",1,2.39789527279837
"738",1,"031",10,"b_10",2,2.19722457733622
"739",1,"031",15,"b_15",2,2.484906649788
"740",1,"031",7,"r_7",1,2.19722457733622
"741",1,"031",2,"b_2",2,2.484906649788
"742",1,"031",1,"r_1",1,2.30258509299405
"743",1,"031",12,"b_12",2,2.484906649788
"744",1,"031",16,"b_16",2,2.484906649788
"745",1,"031",3,"b_3",2,2.484906649788
"746",1,"031",13,"b_13",2,2.484906649788
"747",1,"031",12,"r_12",1,2.19722457733622
"748",1,"031",6,"r_6",1,2.30258509299405
"749",1,"031",9,"r_9",1,2.19722457733622
"750",1,"031",5,"r_5",1,2.39789527279837
"751",1,"031",15,"r_15",1,2.484906649788
"752",1,"031",5,"b_5",2,2.484906649788
"753",1,"031",11,"b_11",2,2.484906649788
"754",1,"031",2,"r_2",1,2.39789527279837
"755",1,"031",4,"r_4",1,2.39789527279837
"756",1,"031",6,"b_6",2,2.39789527279837
"757",1,"031",1,"b_1",2,2.39789527279837
"758",1,"031",11,"r_11",1,2.39789527279837
"759",1,"031",14,"b_14",2,2.39789527279837
"760",1,"031",7,"b_7",2,2.19722457733622
"761",1,"031",14,"r_14",1,2.07944154167984
"762",1,"031",9,"b_9",2,2.39789527279837
"763",1,"031",16,"r_16",1,2.39789527279837
"764",1,"031",10,"r_10",1,2.19722457733622
"765",1,"031",13,"r_13",1,2.39789527279837
"766",1,"031",4,"b_4",2,2.30258509299405
"767",1,"031",3,"r_3",1,2.30258509299405
"768",1,"031",8,"b_8",2,2.39789527279837
"769",2,"001",8,"r_8",1,1.79175946922805
"770",2,"001",10,"b_10",2,1.79175946922805
"771",2,"001",15,"b_15",2,1.79175946922805
"772",2,"001",7,"r_7",1,1.94591014905531
"773",2,"001",2,"b_2",2,1.79175946922805
"774",2,"001",1,"r_1",1,2.39789527279837
"775",2,"001",12,"b_12",2,2.56494935746154
"776",2,"001",16,"b_16",2,1.79175946922805
"777",2,"001",3,"b_3",2,3.17805383034795
"778",2,"001",13,"b_13",2,2.99573227355399
"779",2,"001",12,"r_12",1,2.56494935746154
"780",2,"001",6,"r_6",1,2.19722457733622
"781",2,"001",9,"r_9",1,2.94443897916644
"782",2,"001",5,"r_5",1,2.77258872223978
"783",2,"001",15,"r_15",1,1.79175946922805
"784",2,"001",5,"b_5",2,2.30258509299405
"785",2,"001",11,"b_11",2,1.79175946922805
"786",2,"001",2,"r_2",1,3.09104245335832
"787",2,"001",4,"r_4",1,2.89037175789616
"788",2,"001",6,"b_6",2,1.94591014905531
"789",2,"001",1,"b_1",2,1.79175946922805
"790",2,"001",11,"r_11",1,1.79175946922805
"791",2,"001",14,"b_14",2,1.79175946922805
"792",2,"001",7,"b_7",2,2.77258872223978
"793",2,"001",14,"r_14",1,1.79175946922805
"794",2,"001",9,"b_9",2,1.79175946922805
"795",2,"001",16,"r_16",1,2.30258509299405
"796",2,"001",10,"r_10",1,1.79175946922805
"797",2,"001",13,"r_13",1,2.39789527279837
"798",2,"001",4,"b_4",2,2.56494935746154
"799",2,"001",3,"r_3",1,1.79175946922805
"800",2,"001",8,"b_8",2,1.79175946922805
"801",2,"002",8,"r_8",1,2.70805020110221
"802",2,"002",10,"b_10",2,2.70805020110221
"803",2,"002",15,"b_15",2,2.19722457733622
"804",2,"002",7,"r_7",1,2.19722457733622
"805",2,"002",2,"b_2",2,2.30258509299405
"806",2,"002",1,"r_1",1,2.19722457733622
"807",2,"002",12,"b_12",2,2.30258509299405
"808",2,"002",16,"b_16",2,2.19722457733622
"809",2,"002",3,"b_3",2,2.19722457733622
"810",2,"002",13,"b_13",2,2.19722457733622
"811",2,"002",12,"r_12",1,2.19722457733622
"812",2,"002",6,"r_6",1,2.63905732961526
"813",2,"002",9,"r_9",1,2.19722457733622
"814",2,"002",5,"r_5",1,2.19722457733622
"815",2,"002",15,"r_15",1,2.19722457733622
"816",2,"002",5,"b_5",2,2.19722457733622
"817",2,"002",11,"b_11",2,2.56494935746154
"818",2,"002",2,"r_2",1,2.19722457733622
"819",2,"002",4,"r_4",1,2.63905732961526
"820",2,"002",6,"b_6",2,2.56494935746154
"821",2,"002",1,"b_1",2,2.19722457733622
"822",2,"002",11,"r_11",1,2.19722457733622
"823",2,"002",14,"b_14",2,2.39789527279837
"824",2,"002",7,"b_7",2,2.19722457733622
"825",2,"002",14,"r_14",1,2.19722457733622
"826",2,"002",9,"b_9",2,2.39789527279837
"827",2,"002",16,"r_16",1,2.19722457733622
"828",2,"002",10,"r_10",1,2.19722457733622
"829",2,"002",13,"r_13",1,2.39789527279837
"830",2,"002",4,"b_4",2,2.30258509299405
"831",2,"002",3,"r_3",1,2.19722457733622
"832",2,"002",8,"b_8",2,2.19722457733622
"833",2,"003",8,"r_8",1,2.94443897916644
"834",2,"003",10,"b_10",2,2.19722457733622
"835",2,"003",15,"b_15",2,2.30258509299405
"836",2,"003",7,"r_7",1,2.70805020110221
"837",2,"003",2,"b_2",2,3.29583686600433
"838",2,"003",1,"r_1",1,2.19722457733622
"839",2,"003",12,"b_12",2,2.19722457733622
"840",2,"003",16,"b_16",2,3.04452243772342
"841",2,"003",3,"b_3",2,3.29583686600433
"842",2,"003",13,"b_13",2,2.19722457733622
"843",2,"003",12,"r_12",1,2.19722457733622
"844",2,"003",6,"r_6",1,2.56494935746154
"845",2,"003",9,"r_9",1,2.19722457733622
"846",2,"003",5,"r_5",1,2.56494935746154
"847",2,"003",15,"r_15",1,2.19722457733622
"848",2,"003",5,"b_5",2,2.56494935746154
"849",2,"003",11,"b_11",2,2.30258509299405
"850",2,"003",2,"r_2",1,3.2188758248682
"851",2,"003",4,"r_4",1,2.30258509299405
"852",2,"003",6,"b_6",2,2.89037175789616
"853",2,"003",1,"b_1",2,2.39789527279837
"854",2,"003",11,"r_11",1,2.19722457733622
"855",2,"003",14,"b_14",2,2.484906649788
"856",2,"003",7,"b_7",2,2.56494935746154
"857",2,"003",14,"r_14",1,2.56494935746154
"858",2,"003",9,"b_9",2,2.19722457733622
"859",2,"003",16,"r_16",1,2.89037175789616
"860",2,"003",10,"r_10",1,2.19722457733622
"861",2,"003",13,"r_13",1,2.19722457733622
"862",2,"003",4,"b_4",2,2.19722457733622
"863",2,"003",3,"r_3",1,3.25809653802148
"864",2,"003",8,"b_8",2,2.99573227355399
"865",2,"004",8,"r_8",1,1.38629436111989
"866",2,"004",10,"b_10",2,1.79175946922805
"867",2,"004",15,"b_15",2,1.38629436111989
"868",2,"004",7,"r_7",1,1.6094379124341
"869",2,"004",2,"b_2",2,2.83321334405622
"870",2,"004",1,"r_1",1,1.38629436111989
"871",2,"004",12,"b_12",2,1.38629436111989
"872",2,"004",16,"b_16",2,2.56494935746154
"873",2,"004",3,"b_3",2,1.38629436111989
"874",2,"004",13,"b_13",2,1.38629436111989
"875",2,"004",12,"r_12",1,2.77258872223978
"876",2,"004",6,"r_6",1,1.38629436111989
"877",2,"004",9,"r_9",1,1.38629436111989
"878",2,"004",5,"r_5",1,1.38629436111989
"879",2,"004",15,"r_15",1,1.38629436111989
"880",2,"004",5,"b_5",2,1.38629436111989
"881",2,"004",11,"b_11",2,1.38629436111989
"882",2,"004",2,"r_2",1,2.07944154167984
"883",2,"004",4,"r_4",1,2.77258872223978
"884",2,"004",6,"b_6",2,1.38629436111989
"885",2,"004",1,"b_1",2,1.38629436111989
"886",2,"004",11,"r_11",1,1.38629436111989
"887",2,"004",14,"b_14",2,1.6094379124341
"888",2,"004",7,"b_7",2,2.484906649788
"889",2,"004",14,"r_14",1,1.38629436111989
"890",2,"004",9,"b_9",2,1.38629436111989
"891",2,"004",16,"r_16",1,1.79175946922805
"892",2,"004",10,"r_10",1,1.38629436111989
"893",2,"004",13,"r_13",1,1.38629436111989
"894",2,"004",4,"b_4",2,1.94591014905531
"895",2,"004",3,"r_3",1,1.38629436111989
"896",2,"004",8,"b_8",2,1.38629436111989
"897",2,"006",8,"r_8",1,2.07944154167984
"898",2,"006",10,"b_10",2,2.07944154167984
"899",2,"006",15,"b_15",2,2.07944154167984
"900",2,"006",7,"r_7",1,2.07944154167984
"901",2,"006",2,"b_2",2,2.07944154167984
"902",2,"006",1,"r_1",1,2.07944154167984
"903",2,"006",12,"b_12",2,2.07944154167984
"904",2,"006",16,"b_16",2,2.07944154167984
"905",2,"006",3,"b_3",2,2.07944154167984
"906",2,"006",13,"b_13",2,2.07944154167984
"907",2,"006",12,"r_12",1,2.07944154167984
"908",2,"006",6,"r_6",1,2.07944154167984
"909",2,"006",9,"r_9",1,2.07944154167984
"910",2,"006",5,"r_5",1,2.07944154167984
"911",2,"006",15,"r_15",1,2.07944154167984
"912",2,"006",5,"b_5",2,2.07944154167984
"913",2,"006",11,"b_11",2,1.94591014905531
"914",2,"006",2,"r_2",1,1.94591014905531
"915",2,"006",4,"r_4",1,1.94591014905531
"916",2,"006",6,"b_6",2,1.94591014905531
"917",2,"006",1,"b_1",2,1.94591014905531
"918",2,"006",11,"r_11",1,1.94591014905531
"919",2,"006",14,"b_14",2,1.94591014905531
"920",2,"006",7,"b_7",2,1.94591014905531
"921",2,"006",14,"r_14",1,1.94591014905531
"922",2,"006",9,"b_9",2,1.94591014905531
"923",2,"006",16,"r_16",1,1.94591014905531
"924",2,"006",10,"r_10",1,1.94591014905531
"925",2,"006",13,"r_13",1,1.94591014905531
"926",2,"006",4,"b_4",2,1.94591014905531
"927",2,"006",3,"r_3",1,1.94591014905531
"928",2,"006",8,"b_8",2,1.94591014905531
"929",2,"007",8,"r_8",1,1.09861228866811
"930",2,"007",10,"b_10",2,1.09861228866811
"931",2,"007",15,"b_15",2,1.6094379124341
"932",2,"007",7,"r_7",1,1.09861228866811
"933",2,"007",2,"b_2",2,1.09861228866811
"934",2,"007",1,"r_1",1,1.09861228866811
"935",2,"007",12,"b_12",2,1.38629436111989
"936",2,"007",16,"b_16",2,1.09861228866811
"937",2,"007",3,"b_3",2,1.09861228866811
"938",2,"007",13,"b_13",2,1.09861228866811
"939",2,"007",12,"r_12",1,1.09861228866811
"940",2,"007",6,"r_6",1,1.09861228866811
"941",2,"007",9,"r_9",1,1.79175946922805
"942",2,"007",5,"r_5",1,1.38629436111989
"943",2,"007",15,"r_15",1,2.484906649788
"944",2,"007",5,"b_5",2,2.484906649788
"945",2,"007",11,"b_11",2,1.09861228866811
"946",2,"007",2,"r_2",1,1.09861228866811
"947",2,"007",4,"r_4",1,1.6094379124341
"948",2,"007",6,"b_6",2,1.09861228866811
"949",2,"007",1,"b_1",2,2.30258509299405
"950",2,"007",11,"r_11",1,1.6094379124341
"951",2,"007",14,"b_14",2,1.09861228866811
"952",2,"007",7,"b_7",2,1.09861228866811
"953",2,"007",14,"r_14",1,1.6094379124341
"954",2,"007",9,"b_9",2,1.38629436111989
"955",2,"007",16,"r_16",1,1.09861228866811
"956",2,"007",10,"r_10",1,1.38629436111989
"957",2,"007",13,"r_13",1,1.09861228866811
"958",2,"007",4,"b_4",2,1.09861228866811
"959",2,"007",3,"r_3",1,1.09861228866811
"960",2,"007",8,"b_8",2,2.39789527279837
"961",2,"009",8,"r_8",1,1.09861228866811
"962",2,"009",10,"b_10",2,1.09861228866811
"963",2,"009",15,"b_15",2,1.09861228866811
"964",2,"009",7,"r_7",1,1.6094379124341
"965",2,"009",2,"b_2",2,1.09861228866811
"966",2,"009",1,"r_1",1,1.09861228866811
"967",2,"009",12,"b_12",2,1.09861228866811
"968",2,"009",16,"b_16",2,1.09861228866811
"969",2,"009",3,"b_3",2,1.6094379124341
"970",2,"009",13,"b_13",2,1.09861228866811
"971",2,"009",12,"r_12",1,1.09861228866811
"972",2,"009",6,"r_6",1,1.94591014905531
"973",2,"009",9,"r_9",1,1.09861228866811
"974",2,"009",5,"r_5",1,1.38629436111989
"975",2,"009",15,"r_15",1,1.09861228866811
"976",2,"009",5,"b_5",2,1.09861228866811
"977",2,"009",11,"b_11",2,1.09861228866811
"978",2,"009",2,"r_2",1,1.09861228866811
"979",2,"009",4,"r_4",1,1.09861228866811
"980",2,"009",6,"b_6",2,1.09861228866811
"981",2,"009",1,"b_1",2,1.09861228866811
"982",2,"009",11,"r_11",1,1.09861228866811
"983",2,"009",14,"b_14",2,1.09861228866811
"984",2,"009",7,"b_7",2,1.09861228866811
"985",2,"009",14,"r_14",1,2.07944154167984
"986",2,"009",9,"b_9",2,1.09861228866811
"987",2,"009",16,"r_16",1,1.09861228866811
"988",2,"009",10,"r_10",1,1.09861228866811
"989",2,"009",13,"r_13",1,1.38629436111989
"990",2,"009",4,"b_4",2,1.09861228866811
"991",2,"009",3,"r_3",1,1.38629436111989
"992",2,"009",8,"b_8",2,1.09861228866811
"993",2,"010",8,"r_8",1,1.38629436111989
"994",2,"010",10,"b_10",2,1.09861228866811
"995",2,"010",15,"b_15",2,1.38629436111989
"996",2,"010",7,"r_7",1,1.09861228866811
"997",2,"010",2,"b_2",2,1.09861228866811
"998",2,"010",1,"r_1",1,1.38629436111989
"999",2,"010",12,"b_12",2,1.09861228866811
"1000",2,"010",16,"b_16",2,2.07944154167984
"1001",2,"010",3,"b_3",2,2.39789527279837
"1002",2,"010",13,"b_13",2,1.09861228866811
"1003",2,"010",12,"r_12",1,1.09861228866811
"1004",2,"010",6,"r_6",1,1.09861228866811
"1005",2,"010",9,"r_9",1,1.38629436111989
"1006",2,"010",5,"r_5",1,1.09861228866811
"1007",2,"010",15,"r_15",1,1.09861228866811
"1008",2,"010",5,"b_5",2,1.09861228866811
"1009",2,"010",11,"b_11",2,1.38629436111989
"1010",2,"010",2,"r_2",1,1.38629436111989
"1011",2,"010",4,"r_4",1,1.09861228866811
"1012",2,"010",6,"b_6",2,1.94591014905531
"1013",2,"010",1,"b_1",2,2.07944154167984
"1014",2,"010",11,"r_11",1,2.07944154167984
"1015",2,"010",14,"b_14",2,1.09861228866811
"1016",2,"010",7,"b_7",2,1.09861228866811
"1017",2,"010",14,"r_14",1,1.09861228866811
"1018",2,"010",9,"b_9",2,2.07944154167984
"1019",2,"010",16,"r_16",1,1.09861228866811
"1020",2,"010",10,"r_10",1,1.09861228866811
"1021",2,"010",13,"r_13",1,1.09861228866811
"1022",2,"010",4,"b_4",2,1.09861228866811
"1023",2,"010",3,"r_3",1,2.30258509299405
"1024",2,"010",8,"b_8",2,1.09861228866811
"1025",2,"011",8,"r_8",1,1.09861228866811
"1026",2,"011",10,"b_10",2,1.09861228866811
"1027",2,"011",15,"b_15",2,1.6094379124341
"1028",2,"011",7,"r_7",1,1.09861228866811
"1029",2,"011",2,"b_2",2,1.09861228866811
"1030",2,"011",1,"r_1",1,1.09861228866811
"1031",2,"011",12,"b_12",2,1.09861228866811
"1032",2,"011",16,"b_16",2,1.38629436111989
"1033",2,"011",3,"b_3",2,1.09861228866811
"1034",2,"011",13,"b_13",2,1.09861228866811
"1035",2,"011",12,"r_12",1,1.6094379124341
"1036",2,"011",6,"r_6",1,1.6094379124341
"1037",2,"011",9,"r_9",1,1.09861228866811
"1038",2,"011",5,"r_5",1,1.09861228866811
"1039",2,"011",15,"r_15",1,1.38629436111989
"1040",2,"011",5,"b_5",2,1.6094379124341
"1041",2,"011",11,"b_11",2,1.09861228866811
"1042",2,"011",2,"r_2",1,1.09861228866811
"1043",2,"011",4,"r_4",1,1.09861228866811
"1044",2,"011",6,"b_6",2,1.6094379124341
"1045",2,"011",1,"b_1",2,1.09861228866811
"1046",2,"011",11,"r_11",1,1.38629436111989
"1047",2,"011",14,"b_14",2,1.09861228866811
"1048",2,"011",7,"b_7",2,1.09861228866811
"1049",2,"011",14,"r_14",1,1.09861228866811
"1050",2,"011",9,"b_9",2,1.38629436111989
"1051",2,"011",16,"r_16",1,1.09861228866811
"1052",2,"011",10,"r_10",1,1.09861228866811
"1053",2,"011",13,"r_13",1,1.09861228866811
"1054",2,"011",4,"b_4",2,1.6094379124341
"1055",2,"011",3,"r_3",1,1.38629436111989
"1056",2,"011",8,"b_8",2,1.6094379124341
"1057",2,"017",8,"r_8",1,1.09861228866811
"1058",2,"017",10,"b_10",2,1.09861228866811
"1059",2,"017",15,"b_15",2,1.09861228866811
"1060",2,"017",7,"r_7",1,1.09861228866811
"1061",2,"017",2,"b_2",2,1.09861228866811
"1062",2,"017",1,"r_1",1,1.38629436111989
"1063",2,"017",12,"b_12",2,1.09861228866811
"1064",2,"017",16,"b_16",2,1.79175946922805
"1065",2,"017",3,"b_3",2,1.6094379124341
"1066",2,"017",13,"b_13",2,1.09861228866811
"1067",2,"017",12,"r_12",1,1.09861228866811
"1068",2,"017",6,"r_6",1,1.09861228866811
"1069",2,"017",9,"r_9",1,1.09861228866811
"1070",2,"017",5,"r_5",1,1.09861228866811
"1071",2,"017",15,"r_15",1,1.09861228866811
"1072",2,"017",5,"b_5",2,2.07944154167984
"1073",2,"017",11,"b_11",2,1.38629436111989
"1074",2,"017",2,"r_2",1,1.79175946922805
"1075",2,"017",4,"r_4",1,1.38629436111989
"1076",2,"017",6,"b_6",2,1.79175946922805
"1077",2,"017",1,"b_1",2,1.09861228866811
"1078",2,"017",11,"r_11",1,1.6094379124341
"1079",2,"017",14,"b_14",2,1.09861228866811
"1080",2,"017",7,"b_7",2,1.09861228866811
"1081",2,"017",14,"r_14",1,1.38629436111989
"1082",2,"017",9,"b_9",2,1.09861228866811
"1083",2,"017",16,"r_16",1,1.09861228866811
"1084",2,"017",10,"r_10",1,1.09861228866811
"1085",2,"017",13,"r_13",1,1.09861228866811
"1086",2,"017",4,"b_4",2,1.09861228866811
"1087",2,"017",3,"r_3",1,1.09861228866811
"1088",2,"017",8,"b_8",2,1.79175946922805
"1089",2,"018",8,"r_8",1,1.09861228866811
"1090",2,"018",10,"b_10",2,1.09861228866811
"1091",2,"018",15,"b_15",2,1.09861228866811
"1092",2,"018",7,"r_7",1,1.09861228866811
"1093",2,"018",2,"b_2",2,1.09861228866811
"1094",2,"018",1,"r_1",1,1.09861228866811
"1095",2,"018",12,"b_12",2,1.09861228866811
"1096",2,"018",16,"b_16",2,1.09861228866811
"1097",2,"018",3,"b_3",2,1.09861228866811
"1098",2,"018",13,"b_13",2,1.09861228866811
"1099",2,"018",12,"r_12",1,1.09861228866811
"1100",2,"018",6,"r_6",1,1.09861228866811
"1101",2,"018",9,"r_9",1,1.09861228866811
"1102",2,"018",5,"r_5",1,1.09861228866811
"1103",2,"018",15,"r_15",1,1.09861228866811
"1104",2,"018",5,"b_5",2,1.09861228866811
"1105",2,"018",11,"b_11",2,1.09861228866811
"1106",2,"018",2,"r_2",1,1.09861228866811
"1107",2,"018",4,"r_4",1,0.693147180559945
"1108",2,"018",6,"b_6",2,0.693147180559945
"1109",2,"018",1,"b_1",2,0.693147180559945
"1110",2,"018",11,"r_11",1,0.693147180559945
"1111",2,"018",14,"b_14",2,0.693147180559945
"1112",2,"018",7,"b_7",2,0.693147180559945
"1113",2,"018",14,"r_14",1,0.693147180559945
"1114",2,"018",9,"b_9",2,0.693147180559945
"1115",2,"018",16,"r_16",1,0.693147180559945
"1116",2,"018",10,"r_10",1,0.693147180559945
"1117",2,"018",13,"r_13",1,0.693147180559945
"1118",2,"018",4,"b_4",2,0.693147180559945
"1119",2,"018",3,"r_3",1,0.693147180559945
"1120",2,"018",8,"b_8",2,0.693147180559945
"1121",2,"021",8,"r_8",1,1.09861228866811
"1122",2,"021",10,"b_10",2,1.09861228866811
"1123",2,"021",15,"b_15",2,1.79175946922805
"1124",2,"021",7,"r_7",1,1.09861228866811
"1125",2,"021",2,"b_2",2,1.09861228866811
"1126",2,"021",1,"r_1",1,1.09861228866811
"1127",2,"021",12,"b_12",2,1.09861228866811
"1128",2,"021",16,"b_16",2,1.09861228866811
"1129",2,"021",3,"b_3",2,1.38629436111989
"1130",2,"021",13,"b_13",2,1.09861228866811
"1131",2,"021",12,"r_12",1,1.09861228866811
"1132",2,"021",6,"r_6",1,1.09861228866811
"1133",2,"021",9,"r_9",1,1.09861228866811
"1134",2,"021",5,"r_5",1,1.6094379124341
"1135",2,"021",15,"r_15",1,1.09861228866811
"1136",2,"021",5,"b_5",2,1.09861228866811
"1137",2,"021",11,"b_11",2,1.09861228866811
"1138",2,"021",2,"r_2",1,1.09861228866811
"1139",2,"021",4,"r_4",1,1.09861228866811
"1140",2,"021",6,"b_6",2,1.38629436111989
"1141",2,"021",1,"b_1",2,1.38629436111989
"1142",2,"021",11,"r_11",1,1.09861228866811
"1143",2,"021",14,"b_14",2,1.09861228866811
"1144",2,"021",7,"b_7",2,1.38629436111989
"1145",2,"021",14,"r_14",1,1.09861228866811
"1146",2,"021",9,"b_9",2,1.09861228866811
"1147",2,"021",16,"r_16",1,1.09861228866811
"1148",2,"021",10,"r_10",1,1.38629436111989
"1149",2,"021",13,"r_13",1,1.38629436111989
"1150",2,"021",4,"b_4",2,1.09861228866811
"1151",2,"021",3,"r_3",1,1.6094379124341
"1152",2,"021",8,"b_8",2,1.09861228866811
"1153",2,"023",8,"r_8",1,1.6094379124341
"1154",2,"023",10,"b_10",2,2.07944154167984
"1155",2,"023",15,"b_15",2,2.56494935746154
"1156",2,"023",7,"r_7",1,2.19722457733622
"1157",2,"023",2,"b_2",2,1.6094379124341
"1158",2,"023",1,"r_1",1,2.19722457733622
"1159",2,"023",12,"b_12",2,2.39789527279837
"1160",2,"023",16,"b_16",2,1.79175946922805
"1161",2,"023",3,"b_3",2,1.94591014905531
"1162",2,"023",13,"b_13",2,1.79175946922805
"1163",2,"023",12,"r_12",1,2.07944154167984
"1164",2,"023",6,"r_6",1,2.70805020110221
"1165",2,"023",9,"r_9",1,1.79175946922805
"1166",2,"023",5,"r_5",1,2.70805020110221
"1167",2,"023",15,"r_15",1,1.79175946922805
"1168",2,"023",5,"b_5",2,1.79175946922805
"1169",2,"023",11,"b_11",2,2.56494935746154
"1170",2,"023",2,"r_2",1,1.6094379124341
"1171",2,"023",4,"r_4",1,1.6094379124341
"1172",2,"023",6,"b_6",2,2.30258509299405
"1173",2,"023",1,"b_1",2,1.6094379124341
"1174",2,"023",11,"r_11",1,2.19722457733622
"1175",2,"023",14,"b_14",2,2.07944154167984
"1176",2,"023",7,"b_7",2,2.07944154167984
"1177",2,"023",14,"r_14",1,1.6094379124341
"1178",2,"023",9,"b_9",2,2.30258509299405
"1179",2,"023",16,"r_16",1,1.6094379124341
"1180",2,"023",10,"r_10",1,1.6094379124341
"1181",2,"023",13,"r_13",1,1.6094379124341
"1182",2,"023",4,"b_4",2,1.6094379124341
"1183",2,"023",3,"r_3",1,2.07944154167984
"1184",2,"023",8,"b_8",2,1.6094379124341
"1185",2,"024",8,"r_8",1,1.09861228866811
"1186",2,"024",10,"b_10",2,1.09861228866811
"1187",2,"024",15,"b_15",2,1.6094379124341
"1188",2,"024",7,"r_7",1,1.09861228866811
"1189",2,"024",2,"b_2",2,1.09861228866811
"1190",2,"024",1,"r_1",1,1.38629436111989
"1191",2,"024",12,"b_12",2,1.6094379124341
"1192",2,"024",16,"b_16",2,1.6094379124341
"1193",2,"024",3,"b_3",2,1.6094379124341
"1194",2,"024",13,"b_13",2,1.09861228866811
"1195",2,"024",12,"r_12",1,1.6094379124341
"1196",2,"024",6,"r_6",1,1.38629436111989
"1197",2,"024",9,"r_9",1,1.09861228866811
"1198",2,"024",5,"r_5",1,1.38629436111989
"1199",2,"024",15,"r_15",1,1.09861228866811
"1200",2,"024",5,"b_5",2,1.6094379124341
"1201",2,"024",11,"b_11",2,1.38629436111989
"1202",2,"024",2,"r_2",1,1.09861228866811
"1203",2,"024",4,"r_4",1,1.38629436111989
"1204",2,"024",6,"b_6",2,1.09861228866811
"1205",2,"024",1,"b_1",2,1.09861228866811
"1206",2,"024",11,"r_11",1,1.38629436111989
"1207",2,"024",14,"b_14",2,1.09861228866811
"1208",2,"024",7,"b_7",2,1.09861228866811
"1209",2,"024",14,"r_14",1,1.09861228866811
"1210",2,"024",9,"b_9",2,1.09861228866811
"1211",2,"024",16,"r_16",1,1.38629436111989
"1212",2,"024",10,"r_10",1,1.09861228866811
"1213",2,"024",13,"r_13",1,1.09861228866811
"1214",2,"024",4,"b_4",2,1.09861228866811
"1215",2,"024",3,"r_3",1,1.09861228866811
"1216",2,"024",8,"b_8",2,1.38629436111989
"1217",2,"025",8,"r_8",1,1.38629436111989
"1218",2,"025",10,"b_10",2,1.09861228866811
"1219",2,"025",15,"b_15",2,2.19722457733622
"1220",2,"025",7,"r_7",1,1.09861228866811
"1221",2,"025",2,"b_2",2,1.6094379124341
"1222",2,"025",1,"r_1",1,1.79175946922805
"1223",2,"025",12,"b_12",2,2.484906649788
"1224",2,"025",16,"b_16",2,1.09861228866811
"1225",2,"025",3,"b_3",2,2.30258509299405
"1226",2,"025",13,"b_13",2,1.09861228866811
"1227",2,"025",12,"r_12",1,2.07944154167984
"1228",2,"025",6,"r_6",1,2.07944154167984
"1229",2,"025",9,"r_9",1,1.38629436111989
"1230",2,"025",5,"r_5",1,2.39789527279837
"1231",2,"025",15,"r_15",1,2.39789527279837
"1232",2,"025",5,"b_5",2,1.94591014905531
"1233",2,"025",11,"b_11",2,1.79175946922805
"1234",2,"025",2,"r_2",1,1.94591014905531
"1235",2,"025",4,"r_4",1,1.09861228866811
"1236",2,"025",6,"b_6",2,1.09861228866811
"1237",2,"025",1,"b_1",2,1.6094379124341
"1238",2,"025",11,"r_11",1,2.19722457733622
"1239",2,"025",14,"b_14",2,1.09861228866811
"1240",2,"025",7,"b_7",2,1.38629436111989
"1241",2,"025",14,"r_14",1,1.09861228866811
"1242",2,"025",9,"b_9",2,1.38629436111989
"1243",2,"025",16,"r_16",1,1.09861228866811
"1244",2,"025",10,"r_10",1,1.09861228866811
"1245",2,"025",13,"r_13",1,1.09861228866811
"1246",2,"025",4,"b_4",2,1.09861228866811
"1247",2,"025",3,"r_3",1,1.38629436111989
"1248",2,"025",8,"b_8",2,1.94591014905531
"1249",2,"026",8,"r_8",1,1.38629436111989
"1250",2,"026",10,"b_10",2,1.09861228866811
"1251",2,"026",15,"b_15",2,1.38629436111989
"1252",2,"026",7,"r_7",1,1.38629436111989
"1253",2,"026",2,"b_2",2,2.30258509299405
"1254",2,"026",1,"r_1",1,1.09861228866811
"1255",2,"026",12,"b_12",2,1.09861228866811
"1256",2,"026",16,"b_16",2,1.09861228866811
"1257",2,"026",3,"b_3",2,1.38629436111989
"1258",2,"026",13,"b_13",2,1.09861228866811
"1259",2,"026",12,"r_12",1,1.38629436111989
"1260",2,"026",6,"r_6",1,1.38629436111989
"1261",2,"026",9,"r_9",1,1.09861228866811
"1262",2,"026",5,"r_5",1,1.09861228866811
"1263",2,"026",15,"r_15",1,2.07944154167984
"1264",2,"026",5,"b_5",2,1.09861228866811
"1265",2,"026",11,"b_11",2,1.09861228866811
"1266",2,"026",2,"r_2",1,1.6094379124341
"1267",2,"026",4,"r_4",1,1.09861228866811
"1268",2,"026",6,"b_6",2,1.38629436111989
"1269",2,"026",1,"b_1",2,1.09861228866811
"1270",2,"026",11,"r_11",1,1.09861228866811
"1271",2,"026",14,"b_14",2,1.09861228866811
"1272",2,"026",7,"b_7",2,1.6094379124341
"1273",2,"026",14,"r_14",1,1.38629436111989
"1274",2,"026",9,"b_9",2,1.6094379124341
"1275",2,"026",16,"r_16",1,1.38629436111989
"1276",2,"026",10,"r_10",1,1.09861228866811
"1277",2,"026",13,"r_13",1,1.09861228866811
"1278",2,"026",4,"b_4",2,1.09861228866811
"1279",2,"026",3,"r_3",1,1.38629436111989
"1280",2,"026",8,"b_8",2,1.09861228866811
"1281",2,"028",8,"r_8",1,2.07944154167984
"1282",2,"028",10,"b_10",2,1.94591014905531
"1283",2,"028",15,"b_15",2,1.94591014905531
"1284",2,"028",7,"r_7",1,2.39789527279837
"1285",2,"028",2,"b_2",2,2.63905732961526
"1286",2,"028",1,"r_1",1,2.07944154167984
"1287",2,"028",12,"b_12",2,1.94591014905531
"1288",2,"028",16,"b_16",2,1.79175946922805
"1289",2,"028",3,"b_3",2,2.56494935746154
"1290",2,"028",13,"b_13",2,2.30258509299405
"1291",2,"028",12,"r_12",1,1.79175946922805
"1292",2,"028",6,"r_6",1,2.07944154167984
"1293",2,"028",9,"r_9",1,1.94591014905531
"1294",2,"028",5,"r_5",1,2.07944154167984
"1295",2,"028",15,"r_15",1,2.19722457733622
"1296",2,"028",5,"b_5",2,2.19722457733622
"1297",2,"028",11,"b_11",2,2.39789527279837
"1298",2,"028",2,"r_2",1,2.56494935746154
"1299",2,"028",4,"r_4",1,1.79175946922805
"1300",2,"028",6,"b_6",2,1.79175946922805
"1301",2,"028",1,"b_1",2,1.79175946922805
"1302",2,"028",11,"r_11",1,2.30258509299405
"1303",2,"028",14,"b_14",2,2.30258509299405
"1304",2,"028",7,"b_7",2,2.07944154167984
"1305",2,"028",14,"r_14",1,2.19722457733622
"1306",2,"028",9,"b_9",2,2.19722457733622
"1307",2,"028",16,"r_16",1,1.79175946922805
"1308",2,"028",10,"r_10",1,1.94591014905531
"1309",2,"028",13,"r_13",1,2.30258509299405
"1310",2,"028",4,"b_4",2,2.19722457733622
"1311",2,"028",3,"r_3",1,2.07944154167984
"1312",2,"028",8,"b_8",2,1.94591014905531
"1313",2,"030",8,"r_8",1,3.04452243772342
"1314",2,"030",10,"b_10",2,2.83321334405622
"1315",2,"030",15,"b_15",2,2.07944154167984
"1316",2,"030",7,"r_7",1,2.30258509299405
"1317",2,"030",2,"b_2",2,2.89037175789616
"1318",2,"030",1,"r_1",1,1.94591014905531
"1319",2,"030",12,"b_12",2,1.94591014905531
"1320",2,"030",16,"b_16",2,3.17805383034795
"1321",2,"030",3,"b_3",2,3.17805383034795
"1322",2,"030",13,"b_13",2,2.70805020110221
"1323",2,"030",12,"r_12",1,3.04452243772342
"1324",2,"030",6,"r_6",1,2.484906649788
"1325",2,"030",9,"r_9",1,3.17805383034795
"1326",2,"030",5,"r_5",1,2.83321334405622
"1327",2,"030",15,"r_15",1,3.04452243772342
"1328",2,"030",5,"b_5",2,2.99573227355399
"1329",2,"030",11,"b_11",2,2.56494935746154
"1330",2,"030",2,"r_2",1,2.70805020110221
"1331",2,"030",4,"r_4",1,2.77258872223978
"1332",2,"030",6,"b_6",2,3.17805383034795
"1333",2,"030",1,"b_1",2,3.04452243772342
"1334",2,"030",11,"r_11",1,3.17805383034795
"1335",2,"030",14,"b_14",2,2.19722457733622
"1336",2,"030",7,"b_7",2,2.07944154167984
"1337",2,"030",14,"r_14",1,2.19722457733622
"1338",2,"030",9,"b_9",2,1.94591014905531
"1339",2,"030",16,"r_16",1,3.17805383034795
"1340",2,"030",10,"r_10",1,2.30258509299405
"1341",2,"030",13,"r_13",1,2.484906649788
"1342",2,"030",4,"b_4",2,2.484906649788
"1343",2,"030",3,"r_3",1,2.89037175789616
"1344",2,"030",8,"b_8",2,3.13549421592915
"1345",2,"030",8,"r_8",1,1.09861228866811
"1346",2,"030",10,"b_10",2,1.09861228866811
"1347",2,"030",15,"b_15",2,1.79175946922805
"1348",2,"030",7,"r_7",1,1.09861228866811
"1349",2,"030",2,"b_2",2,1.09861228866811
"1350",2,"030",1,"r_1",1,1.09861228866811
"1351",2,"030",12,"b_12",2,1.6094379124341
"1352",2,"030",16,"b_16",2,1.38629436111989
"1353",2,"030",3,"b_3",2,1.79175946922805
"1354",2,"030",13,"b_13",2,1.09861228866811
"1355",2,"030",12,"r_12",1,1.38629436111989
"1356",2,"030",6,"r_6",1,1.6094379124341
"1357",2,"030",9,"r_9",1,1.09861228866811
"1358",2,"030",5,"r_5",1,1.09861228866811
"1359",2,"030",15,"r_15",1,1.94591014905531
"1360",2,"030",5,"b_5",2,1.79175946922805
"1361",2,"030",11,"b_11",2,1.38629436111989
"1362",2,"030",2,"r_2",1,1.38629436111989
"1363",2,"030",4,"r_4",1,1.09861228866811
"1364",2,"030",6,"b_6",2,1.38629436111989
"1365",2,"030",1,"b_1",2,1.09861228866811
"1366",2,"030",11,"r_11",1,1.6094379124341
"1367",2,"030",14,"b_14",2,1.09861228866811
"1368",2,"030",7,"b_7",2,1.09861228866811
"1369",2,"030",14,"r_14",1,1.09861228866811
"1370",2,"030",9,"b_9",2,1.79175946922805
"1371",2,"030",16,"r_16",1,1.6094379124341
"1372",2,"030",10,"r_10",1,1.09861228866811
"1373",2,"030",13,"r_13",1,1.09861228866811
"1374",2,"030",4,"b_4",2,1.09861228866811
"1375",2,"030",3,"r_3",1,2.07944154167984
"1376",2,"030",8,"b_8",2,1.09861228866811
"1377",3,"001",8,"r_8",1,2.19722457733622
"1378",3,"001",10,"b_10",2,2.30258509299405
"1379",3,"001",15,"b_15",2,2.19722457733622
"1380",3,"001",7,"r_7",1,2.19722457733622
"1381",3,"001",2,"b_2",2,2.63905732961526
"1382",3,"001",1,"r_1",1,2.39789527279837
"1383",3,"001",12,"b_12",2,2.30258509299405
"1384",3,"001",16,"b_16",2,2.19722457733622
"1385",3,"001",3,"b_3",2,2.77258872223978
"1386",3,"001",13,"b_13",2,2.19722457733622
"1387",3,"001",12,"r_12",1,2.63905732961526
"1388",3,"001",6,"r_6",1,2.39789527279837
"1389",3,"001",9,"r_9",1,2.19722457733622
"1390",3,"001",5,"r_5",1,2.19722457733622
"1391",3,"001",15,"r_15",1,2.19722457733622
"1392",3,"001",5,"b_5",2,2.94443897916644
"1393",3,"001",11,"b_11",2,2.19722457733622
"1394",3,"001",2,"r_2",1,3.09104245335832
"1395",3,"001",4,"r_4",1,2.484906649788
"1396",3,"001",6,"b_6",2,2.484906649788
"1397",3,"001",1,"b_1",2,2.19722457733622
"1398",3,"001",11,"r_11",1,2.77258872223978
"1399",3,"001",14,"b_14",2,2.19722457733622
"1400",3,"001",7,"b_7",2,2.30258509299405
"1401",3,"001",14,"r_14",1,2.19722457733622
"1402",3,"001",9,"b_9",2,3.36729582998647
"1403",3,"001",16,"r_16",1,2.19722457733622
"1404",3,"001",10,"r_10",1,2.19722457733622
"1405",3,"001",13,"r_13",1,2.19722457733622
"1406",3,"001",4,"b_4",2,2.30258509299405
"1407",3,"001",3,"r_3",1,3.2188758248682
"1408",3,"001",8,"b_8",2,2.19722457733622
"1409",3,"003",8,"r_8",1,1.38629436111989
"1410",3,"003",10,"b_10",2,1.09861228866811
"1411",3,"003",15,"b_15",2,1.09861228866811
"1412",3,"003",7,"r_7",1,1.09861228866811
"1413",3,"003",2,"b_2",2,1.38629436111989
"1414",3,"003",1,"r_1",1,1.09861228866811
"1415",3,"003",12,"b_12",2,1.09861228866811
"1416",3,"003",16,"b_16",2,1.09861228866811
"1417",3,"003",3,"b_3",2,1.09861228866811
"1418",3,"003",13,"b_13",2,1.09861228866811
"1419",3,"003",12,"r_12",1,1.09861228866811
"1420",3,"003",6,"r_6",1,1.09861228866811
"1421",3,"003",9,"r_9",1,1.09861228866811
"1422",3,"003",5,"r_5",1,1.09861228866811
"1423",3,"003",15,"r_15",1,1.09861228866811
"1424",3,"003",5,"b_5",2,1.09861228866811
"1425",3,"003",11,"b_11",2,1.09861228866811
"1426",3,"003",2,"r_2",1,1.09861228866811
"1427",3,"003",4,"r_4",1,1.09861228866811
"1428",3,"003",6,"b_6",2,1.09861228866811
"1429",3,"003",1,"b_1",2,1.09861228866811
"1430",3,"003",11,"r_11",1,1.09861228866811
"1431",3,"003",14,"b_14",2,1.09861228866811
"1432",3,"003",7,"b_7",2,1.09861228866811
"1433",3,"003",14,"r_14",1,1.09861228866811
"1434",3,"003",9,"b_9",2,1.09861228866811
"1435",3,"003",16,"r_16",1,1.09861228866811
"1436",3,"003",10,"r_10",1,1.09861228866811
"1437",3,"003",13,"r_13",1,1.09861228866811
"1438",3,"003",4,"b_4",2,1.09861228866811
"1439",3,"003",3,"r_3",1,1.09861228866811
"1440",3,"003",8,"b_8",2,1.09861228866811
"1441",3,"004",8,"r_8",1,1.09861228866811
"1442",3,"004",10,"b_10",2,1.09861228866811
"1443",3,"004",15,"b_15",2,1.09861228866811
"1444",3,"004",7,"r_7",1,1.09861228866811
"1445",3,"004",2,"b_2",2,1.09861228866811
"1446",3,"004",1,"r_1",1,1.09861228866811
"1447",3,"004",12,"b_12",2,1.09861228866811
"1448",3,"004",16,"b_16",2,1.79175946922805
"1449",3,"004",3,"b_3",2,1.6094379124341
"1450",3,"004",13,"b_13",2,1.09861228866811
"1451",3,"004",12,"r_12",1,1.09861228866811
"1452",3,"004",6,"r_6",1,1.09861228866811
"1453",3,"004",9,"r_9",1,1.09861228866811
"1454",3,"004",5,"r_5",1,1.09861228866811
"1455",3,"004",15,"r_15",1,1.09861228866811
"1456",3,"004",5,"b_5",2,1.09861228866811
"1457",3,"004",11,"b_11",2,1.09861228866811
"1458",3,"004",2,"r_2",1,2.484906649788
"1459",3,"004",4,"r_4",1,1.6094379124341
"1460",3,"004",6,"b_6",2,1.09861228866811
"1461",3,"004",1,"b_1",2,1.09861228866811
"1462",3,"004",11,"r_11",1,1.09861228866811
"1463",3,"004",14,"b_14",2,1.38629436111989
"1464",3,"004",7,"b_7",2,1.94591014905531
"1465",3,"004",14,"r_14",1,1.09861228866811
"1466",3,"004",9,"b_9",2,1.09861228866811
"1467",3,"004",16,"r_16",1,1.79175946922805
"1468",3,"004",10,"r_10",1,1.09861228866811
"1469",3,"004",13,"r_13",1,1.09861228866811
"1470",3,"004",4,"b_4",2,1.38629436111989
"1471",3,"004",3,"r_3",1,1.09861228866811
"1472",3,"004",8,"b_8",2,1.09861228866811
"1473",3,"007",8,"r_8",1,1.09861228866811
"1474",3,"007",10,"b_10",2,1.09861228866811
"1475",3,"007",15,"b_15",2,1.09861228866811
"1476",3,"007",7,"r_7",1,1.09861228866811
"1477",3,"007",2,"b_2",2,1.09861228866811
"1478",3,"007",1,"r_1",1,1.09861228866811
"1479",3,"007",12,"b_12",2,1.09861228866811
"1480",3,"007",16,"b_16",2,1.09861228866811
"1481",3,"007",3,"b_3",2,1.09861228866811
"1482",3,"007",13,"b_13",2,1.09861228866811
"1483",3,"007",12,"r_12",1,1.09861228866811
"1484",3,"007",6,"r_6",1,1.09861228866811
"1485",3,"007",9,"r_9",1,1.38629436111989
"1486",3,"007",5,"r_5",1,2.07944154167984
"1487",3,"007",15,"r_15",1,1.38629436111989
"1488",3,"007",5,"b_5",2,1.6094379124341
"1489",3,"007",11,"b_11",2,1.09861228866811
"1490",3,"007",2,"r_2",1,1.09861228866811
"1491",3,"007",4,"r_4",1,1.09861228866811
"1492",3,"007",6,"b_6",2,1.38629436111989
"1493",3,"007",1,"b_1",2,1.09861228866811
"1494",3,"007",11,"r_11",1,1.09861228866811
"1495",3,"007",14,"b_14",2,1.38629436111989
"1496",3,"007",7,"b_7",2,1.09861228866811
"1497",3,"007",14,"r_14",1,1.09861228866811
"1498",3,"007",9,"b_9",2,1.09861228866811
"1499",3,"007",16,"r_16",1,1.09861228866811
"1500",3,"007",10,"r_10",1,1.09861228866811
"1501",3,"007",13,"r_13",1,1.09861228866811
"1502",3,"007",4,"b_4",2,1.09861228866811
"1503",3,"007",3,"r_3",1,1.09861228866811
"1504",3,"007",8,"b_8",2,1.79175946922805
"1505",3,"023",8,"r_8",1,1.94591014905531
"1506",3,"023",10,"b_10",2,1.79175946922805
"1507",3,"023",15,"b_15",2,2.19722457733622
"1508",3,"023",7,"r_7",1,1.79175946922805
"1509",3,"023",2,"b_2",2,1.79175946922805
"1510",3,"023",1,"r_1",1,1.79175946922805
"1511",3,"023",12,"b_12",2,1.79175946922805
"1512",3,"023",16,"b_16",2,1.94591014905531
"1513",3,"023",3,"b_3",2,1.79175946922805
"1514",3,"023",13,"b_13",2,1.79175946922805
"1515",3,"023",12,"r_12",1,2.19722457733622
"1516",3,"023",6,"r_6",1,1.94591014905531
"1517",3,"023",9,"r_9",1,1.79175946922805
"1518",3,"023",5,"r_5",1,1.94591014905531
"1519",3,"023",15,"r_15",1,1.94591014905531
"1520",3,"023",5,"b_5",2,1.79175946922805
"1521",3,"023",11,"b_11",2,2.07944154167984
"1522",3,"023",2,"r_2",1,1.79175946922805
"1523",3,"023",4,"r_4",1,1.79175946922805
"1524",3,"023",6,"b_6",2,1.94591014905531
"1525",3,"023",1,"b_1",2,1.79175946922805
"1526",3,"023",11,"r_11",1,1.94591014905531
"1527",3,"023",14,"b_14",2,2.07944154167984
"1528",3,"023",7,"b_7",2,1.79175946922805
"1529",3,"023",14,"r_14",1,1.79175946922805
"1530",3,"023",9,"b_9",2,1.79175946922805
"1531",3,"023",16,"r_16",1,2.07944154167984
"1532",3,"023",10,"r_10",1,1.79175946922805
"1533",3,"023",13,"r_13",1,1.79175946922805
"1534",3,"023",4,"b_4",2,1.79175946922805
"1535",3,"023",3,"r_3",1,1.79175946922805
"1536",3,"023",8,"b_8",2,1.79175946922805
"1537",3,"025",8,"r_8",1,1.6094379124341
"1538",3,"025",10,"b_10",2,1.09861228866811
"1539",3,"025",15,"b_15",2,2.07944154167984
"1540",3,"025",7,"r_7",1,1.09861228866811
"1541",3,"025",2,"b_2",2,1.09861228866811
"1542",3,"025",1,"r_1",1,1.09861228866811
"1543",3,"025",12,"b_12",2,2.07944154167984
"1544",3,"025",16,"b_16",2,1.38629436111989
"1545",3,"025",3,"b_3",2,1.6094379124341
"1546",3,"025",13,"b_13",2,1.38629436111989
"1547",3,"025",12,"r_12",1,1.6094379124341
"1548",3,"025",6,"r_6",1,1.94591014905531
"1549",3,"025",9,"r_9",1,1.09861228866811
"1550",3,"025",5,"r_5",1,2.07944154167984
"1551",3,"025",15,"r_15",1,2.07944154167984
"1552",3,"025",5,"b_5",2,1.6094379124341
"1553",3,"025",11,"b_11",2,1.09861228866811
"1554",3,"025",2,"r_2",1,1.09861228866811
"1555",3,"025",4,"r_4",1,1.38629436111989
"1556",3,"025",6,"b_6",2,1.09861228866811
"1557",3,"025",1,"b_1",2,1.79175946922805
"1558",3,"025",11,"r_11",1,2.07944154167984
"1559",3,"025",14,"b_14",2,1.09861228866811
"1560",3,"025",7,"b_7",2,1.09861228866811
"1561",3,"025",14,"r_14",1,1.09861228866811
"1562",3,"025",9,"b_9",2,1.38629436111989
"1563",3,"025",16,"r_16",1,1.79175946922805
"1564",3,"025",10,"r_10",1,1.09861228866811
"1565",3,"025",13,"r_13",1,1.38629436111989
"1566",3,"025",4,"b_4",2,1.09861228866811
"1567",3,"025",3,"r_3",1,1.6094379124341
"1568",3,"025",8,"b_8",2,2.07944154167984
"1569",3,"026",8,"r_8",1,1.09861228866811
"1570",3,"026",10,"b_10",2,1.09861228866811
"1571",3,"026",15,"b_15",2,1.09861228866811
"1572",3,"026",7,"r_7",1,1.09861228866811
"1573",3,"026",2,"b_2",2,1.6094379124341
"1574",3,"026",1,"r_1",1,1.09861228866811
"1575",3,"026",12,"b_12",2,1.09861228866811
"1576",3,"026",16,"b_16",2,1.09861228866811
"1577",3,"026",3,"b_3",2,1.09861228866811
"1578",3,"026",13,"b_13",2,1.09861228866811
"1579",3,"026",12,"r_12",1,1.09861228866811
"1580",3,"026",6,"r_6",1,1.38629436111989
"1581",3,"026",9,"r_9",1,1.09861228866811
"1582",3,"026",5,"r_5",1,1.09861228866811
"1583",3,"026",15,"r_15",1,1.09861228866811
"1584",3,"026",5,"b_5",2,1.38629436111989
"1585",3,"026",11,"b_11",2,1.09861228866811
"1586",3,"026",2,"r_2",1,1.38629436111989
"1587",3,"026",4,"r_4",1,1.09861228866811
"1588",3,"026",6,"b_6",2,1.09861228866811
"1589",3,"026",1,"b_1",2,1.09861228866811
"1590",3,"026",11,"r_11",1,1.09861228866811
"1591",3,"026",14,"b_14",2,1.09861228866811
"1592",3,"026",7,"b_7",2,1.09861228866811
"1593",3,"026",14,"r_14",1,1.09861228866811
"1594",3,"026",9,"b_9",2,1.09861228866811
"1595",3,"026",16,"r_16",1,1.09861228866811
"1596",3,"026",10,"r_10",1,1.09861228866811
"1597",3,"026",13,"r_13",1,1.09861228866811
"1598",3,"026",4,"b_4",2,1.09861228866811
"1599",3,"026",3,"r_3",1,1.09861228866811
"1600",3,"026",8,"b_8",2,1.09861228866811
"1601",3,"028",8,"r_8",1,1.09861228866811
"1602",3,"028",10,"b_10",2,1.09861228866811
"1603",3,"028",15,"b_15",2,1.94591014905531
"1604",3,"028",7,"r_7",1,1.79175946922805
"1605",3,"028",2,"b_2",2,1.6094379124341
"1606",3,"028",1,"r_1",1,1.79175946922805
"1607",3,"028",12,"b_12",2,1.6094379124341
"1608",3,"028",16,"b_16",2,1.38629436111989
"1609",3,"028",3,"b_3",2,1.6094379124341
"1610",3,"028",13,"b_13",2,2.30258509299405
"1611",3,"028",12,"r_12",1,1.6094379124341
"1612",3,"028",6,"r_6",1,2.19722457733622
"1613",3,"028",9,"r_9",1,1.79175946922805
"1614",3,"028",5,"r_5",1,1.94591014905531
"1615",3,"028",15,"r_15",1,2.39789527279837
"1616",3,"028",5,"b_5",2,1.09861228866811
"1617",3,"028",11,"b_11",2,1.6094379124341
"1618",3,"028",2,"r_2",1,2.39789527279837
"1619",3,"028",4,"r_4",1,1.79175946922805
"1620",3,"028",6,"b_6",2,1.09861228866811
"1621",3,"028",1,"b_1",2,2.30258509299405
"1622",3,"028",11,"r_11",1,1.6094379124341
"1623",3,"028",14,"b_14",2,1.09861228866811
"1624",3,"028",7,"b_7",2,1.94591014905531
"1625",3,"028",14,"r_14",1,1.38629436111989
"1626",3,"028",9,"b_9",2,1.09861228866811
"1627",3,"028",16,"r_16",1,1.09861228866811
"1628",3,"028",10,"r_10",1,1.38629436111989
"1629",3,"028",13,"r_13",1,2.30258509299405
"1630",3,"028",4,"b_4",2,1.38629436111989
"1631",3,"028",3,"r_3",1,1.09861228866811
"1632",3,"028",8,"b_8",2,1.09861228866811
"1633",3,"030",8,"r_8",1,1.09861228866811
"1634",3,"030",10,"b_10",2,1.38629436111989
"1635",3,"030",15,"b_15",2,1.94591014905531
"1636",3,"030",7,"r_7",1,1.79175946922805
"1637",3,"030",2,"b_2",2,2.39789527279837
"1638",3,"030",1,"r_1",1,1.79175946922805
"1639",3,"030",12,"b_12",2,2.19722457733622
"1640",3,"030",16,"b_16",2,1.94591014905531
"1641",3,"030",3,"b_3",2,2.484906649788
"1642",3,"030",13,"b_13",2,1.79175946922805
"1643",3,"030",12,"r_12",1,1.38629436111989
"1644",3,"030",6,"r_6",1,2.19722457733622
"1645",3,"030",9,"r_9",1,1.09861228866811
"1646",3,"030",5,"r_5",1,1.09861228866811
"1647",3,"030",15,"r_15",1,2.39789527279837
"1648",3,"030",5,"b_5",2,1.38629436111989
"1649",3,"030",11,"b_11",2,1.94591014905531
"1650",3,"030",2,"r_2",1,2.19722457733622
"1651",3,"030",4,"r_4",1,1.94591014905531
"1652",3,"030",6,"b_6",2,1.38629436111989
"1653",3,"030",1,"b_1",2,1.09861228866811
"1654",3,"030",11,"r_11",1,2.19722457733622
"1655",3,"030",14,"b_14",2,1.09861228866811
"1656",3,"030",7,"b_7",2,1.09861228866811
"1657",3,"030",14,"r_14",1,1.09861228866811
"1658",3,"030",9,"b_9",2,1.94591014905531
"1659",3,"030",16,"r_16",1,1.09861228866811
"1660",3,"030",10,"r_10",1,1.09861228866811
"1661",3,"030",13,"r_13",1,1.09861228866811
"1662",3,"030",4,"b_4",2,2.19722457733622
"1663",3,"030",3,"r_3",1,2.39789527279837
"1664",3,"030",8,"b_8",2,1.09861228866811
