"","X","run","id","face","FaceCue","cue","RTmean","RTvar"
"1",1,1,1,8,"r_8",1,1.64441773666667,1.66941481502967
"2",2,1,1,10,"b_10",2,1.59439073999998,0.572382965632409
"3",3,1,1,15,"b_15",2,1.05977331578946,0.619771899743789
"4",4,1,1,7,"r_7",1,3.57941067027028,9.65164462286616
"5",5,1,1,2,"b_2",2,4.37526859318185,16.5851613157788
"6",6,1,1,1,"r_1",1,1.81930578181823,1.02122247032179
"7",7,1,1,12,"b_12",2,2.60023329411766,6.46784732939131
"8",8,1,1,16,"b_16",2,2.55360898250003,8.14521043714687
"9",9,1,1,3,"b_3",2,3.93939641914888,9.54604522222828
"10",10,1,1,13,"b_13",2,1.57146426999998,0.733676708034024
"11",11,1,1,12,"r_12",1,2.08415232857151,1.84609319017625
"12",12,1,1,6,"r_6",1,2.52141886285711,2.18317648499856
"13",13,1,1,9,"r_9",1,1.78982925000003,0.881145792470373
"14",14,1,1,5,"r_5",1,2.12696325,2.09184858132093
"15",15,1,1,15,"r_15",1,1.27698366818183,0.156716074179801
"16",16,1,1,5,"b_5",2,2.5527625071429,5.83937220358996
"17",17,1,1,11,"b_11",2,4.0219957686274,21.8736099484719
"18",18,1,1,2,"r_2",1,3.14297016666667,6.56759911375532
"19",19,1,1,4,"r_4",1,3.8685842526315,9.62240506298871
"20",20,1,1,6,"b_6",2,2.86590406410259,6.08490651620122
"21",21,1,1,1,"b_1",2,2.98792674313726,8.23680862422189
"22",22,1,1,11,"r_11",1,3.00618586444449,7.05072717034441
"23",23,1,1,14,"b_14",2,2.58396510384607,10.0060832413422
"24",24,1,1,7,"b_7",2,2.97030638913045,5.37503418331895
"25",25,1,1,14,"r_14",1,1.83704151666658,3.09803853084077
"26",26,1,1,9,"b_9",2,3.35728364081636,7.9860891304116
"27",27,1,1,16,"r_16",1,2.98204228275857,6.31045505697012
"28",28,1,1,10,"r_10",1,1.61631550999995,1.98277342248333
"29",29,1,1,13,"r_13",1,1.36417283157893,0.485491675785413
"30",30,1,1,4,"b_4",2,2.99915033030304,5.2097193533531
"31",31,1,1,3,"r_3",1,4.23165344897953,12.6248729145308
"32",32,1,1,8,"b_8",2,3.51833552571423,7.71641535685211
"33",33,1,2,8,"r_8",1,4.59400228487158,7.12030174994523
"35",35,1,2,15,"b_15",2,5.07300859406082,18.8983048214835
"36",36,1,2,7,"r_7",1,3.58933371388015,11.8932847804287
"39",39,1,2,12,"b_12",2,6.63789637859868,102.459314793479
"40",40,1,2,16,"b_16",2,5.06792971752161,30.8232586250719
"41",41,1,2,3,"b_3",2,8.04017058133613,77.1937024112822
"42",42,1,2,13,"b_13",2,6.28031993214972,42.7597800766617
"43",43,1,2,12,"r_12",1,4.25746132940985,10.4400046997056
"45",45,1,2,9,"r_9",1,7.46549489272293,130.856233180316
"46",46,1,2,5,"r_5",1,7.8832088856725,170.332087105404
"47",47,1,2,15,"r_15",1,7.01872442181921,52.2225323552676
"48",48,1,2,5,"b_5",2,5.79765979711665,55.273266552691
"51",51,1,2,4,"r_4",1,7.62389203706989,51.8537832758215
"52",52,1,2,6,"b_6",2,6.87199105313048,17.4367138589783
"55",55,1,2,14,"b_14",2,3.03222439762903,1.82216194718193
"56",56,1,2,7,"b_7",2,7.84363815156976,342.495142353189
"57",57,1,2,14,"r_14",1,7.46381310871802,22.0638213185766
"58",58,1,2,9,"b_9",2,5.20139015464811,19.2606872974962
"59",59,1,2,16,"r_16",1,5.82761543152155,23.4721221524653
"60",60,1,2,10,"r_10",1,9.07950177248567,98.932244377095
"63",63,1,2,3,"r_3",1,9.46810191054828,102.375576316462
"64",64,1,2,8,"b_8",2,4.32865654565394,10.7621581961904
"65",65,1,3,8,"r_8",1,1.52672652941176,0.548540047722014
"66",66,1,3,10,"b_10",2,1.34500092857143,0.349599087453456
"67",67,1,3,15,"b_15",2,1.49976828571429,0.488133257317571
"68",68,1,3,7,"r_7",1,1.91483416666667,0.292168663342879
"69",69,1,3,2,"b_2",2,1.67735741666667,0.460078194526992
"70",70,1,3,1,"r_1",1,1.44425221052632,0.471547456439287
"71",71,1,3,12,"b_12",2,1.58797457575758,0.491885830883814
"72",72,1,3,16,"b_16",2,1.5723765,0.360035001535043
"73",73,1,3,3,"b_3",2,2.18375911538462,2.93055136241579
"74",74,1,3,13,"b_13",2,1.40588980952381,0.440169990221562
"75",75,1,3,12,"r_12",1,1.28192963636364,0.222222198770055
"76",76,1,3,6,"r_6",1,1.53542853846154,0.505362121011936
"77",77,1,3,9,"r_9",1,1.43512327272727,0.211785292820818
"78",78,1,3,5,"r_5",1,1.42582747368421,0.271444747970797
"79",79,1,3,15,"r_15",1,1.52735422222222,0.0931108367734444
"80",80,1,3,5,"b_5",2,1.41359158333333,0.554828742425174
"81",81,1,3,11,"b_11",2,2.48244788888889,0.611169832886575
"82",82,1,3,2,"r_2",1,2.10637768181818,1.01239816852223
"83",83,1,3,4,"r_4",1,1.856339,0.620026531710588
"84",84,1,3,6,"b_6",2,1.77974702777778,0.734045966698656
"85",85,1,3,1,"b_1",2,1.56043096,0.67632004355479
"86",86,1,3,11,"r_11",1,2.0652036,0.358629001768543
"87",87,1,3,14,"b_14",2,1.68991166666667,0.204555567558061
"88",88,1,3,7,"b_7",2,1.6366957,0.136180201131122
"89",89,1,3,14,"r_14",1,1.78838942857143,0.214501190780952
"90",90,1,3,9,"b_9",2,1.72456436363636,0.192326963645655
"91",91,1,3,16,"r_16",1,1.78542538461538,0.482977493771423
"92",92,1,3,10,"r_10",1,1.52280428571429,0.845057749467912
"93",93,1,3,13,"r_13",1,1.48290678947368,0.640610271728398
"94",94,1,3,4,"b_4",2,1.65971294444444,0.725887048438644
"95",95,1,3,3,"r_3",1,2.11898694736842,1.58621653097594
"96",96,1,3,8,"b_8",2,1.94511490909091,0.475364960879648
"97",97,1,4,8,"r_8",1,1.40909290693414,1.08328030364827
"98",98,1,4,10,"b_10",2,3.39396879455307,11.5602239951535
"99",99,1,4,15,"b_15",2,3.15940365549694,18.8489841627451
"100",100,1,4,7,"r_7",1,2.92935661062074,37.9907911247034
"101",101,1,4,2,"b_2",2,4.25510173919611,14.7789992318674
"102",102,1,4,1,"r_1",1,3.78010837798938,3.33366576285182
"103",103,1,4,12,"b_12",2,2.63073048087094,3.32044569244037
"104",104,1,4,16,"b_16",2,2.0910083913888,0.609280222437331
"105",105,1,4,3,"b_3",2,2.73678054003045,2.62396107443958
"106",106,1,4,13,"b_13",2,1.75840289004069,0.857601414304675
"107",107,1,4,12,"r_12",1,3.39030484639807,3.45178736367197
"108",108,1,4,6,"r_6",1,2.95196764810349,1.80790052053251
"109",109,1,4,9,"r_9",1,2.82870794657113,3.75306762444478
"110",110,1,4,5,"r_5",1,3.06863056843479,3.86545595815071
"111",111,1,4,15,"r_15",1,1.83486818884941,0.903922251639285
"112",112,1,4,5,"b_5",2,2.22865836985875,1.91858835772678
"113",113,1,4,11,"b_11",2,1.96974706047747,0.503298535462236
"114",114,1,4,2,"r_2",1,2.56874161330052,1.949486055338
"115",115,1,4,4,"r_4",1,3.17822822218908,3.79148109646662
"116",116,1,4,6,"b_6",2,4.38576040382538,22.2356612241123
"117",117,1,4,1,"b_1",2,3.46094153881832,5.81246718588332
"118",118,1,4,11,"r_11",1,2.1362597645144,1.19836598182392
"119",119,1,4,14,"b_14",2,1.34575822538075,0.0679562391695145
"120",120,1,4,7,"b_7",2,2.58779302028706,1.93467482911832
"121",121,1,4,14,"r_14",1,1.70093107045713,0.715274507435356
"122",122,1,4,9,"b_9",2,2.74718718012066,1.38871766178263
"123",123,1,4,16,"r_16",1,2.49471906437539,1.47914286456257
"124",124,1,4,10,"r_10",1,1.93592299005567,0.558386407896849
"125",125,1,4,13,"r_13",1,1.93914060013291,1.43141449374458
"126",126,1,4,4,"b_4",2,2.45886708269827,1.40233693479948
"127",127,1,4,3,"r_3",1,3.76009854322183,13.0279894959713
"128",128,1,4,8,"b_8",2,5.37122038178079,14.7814861408067
"129",129,1,6,8,"r_8",1,8.91187704284625,335.848415629773
"130",130,1,6,10,"b_10",2,5.06676693736199,68.8795793377465
"131",131,1,6,15,"b_15",2,2.80503146586135,3.44932399669569
"132",132,1,6,7,"r_7",1,5.46761317453688,30.1404471382811
"133",133,1,6,2,"b_2",2,4.86423144371143,63.1815622852541
"134",134,1,6,1,"r_1",1,2.16876245656396,1.38397435005153
"135",135,1,6,12,"b_12",2,5.72490809538806,7.94795574070956
"136",136,1,6,16,"b_16",2,6.12312570142822,112.855991447522
"137",137,1,6,3,"b_3",2,5.24652128577938,20.372368224801
"138",138,1,6,13,"b_13",2,2.89947648525325,3.3994639691328
"139",139,1,6,12,"r_12",1,3.09086455798959,5.47906447966986
"140",140,1,6,6,"r_6",1,3.10173271584864,6.61635779262766
"141",141,1,6,9,"r_9",1,4.42560019059756,75.6331144830019
"142",142,1,6,5,"r_5",1,6.03568683321629,58.0051290613741
"143",143,1,6,15,"r_15",1,4.52470937227775,12.7240643347978
"144",144,1,6,5,"b_5",2,6.21396696949238,67.7788517911973
"145",145,1,6,11,"b_11",2,6.19092294777862,126.819211602437
"146",146,1,6,2,"r_2",1,4.82709376847899,29.8529697478181
"147",147,1,6,4,"r_4",1,4.68885690269278,16.1669890808228
"148",148,1,6,6,"b_6",2,5.14854866615991,39.2848460424533
"149",149,1,6,1,"b_1",2,4.61268074438554,21.2966910297549
"150",150,1,6,11,"r_11",1,5.1551644585043,19.4131813562069
"151",151,1,6,14,"b_14",2,8.75503135967028,323.95208815844
"152",152,1,6,7,"b_7",2,5.97550555378723,23.6567205688051
"153",153,1,6,14,"r_14",1,3.17508906170149,3.03531193595019
"154",154,1,6,9,"b_9",2,5.50486376889338,23.9354707750187
"155",155,1,6,16,"r_16",1,5.62724702840096,30.8271118410302
"156",156,1,6,10,"r_10",1,3.69459025773464,12.9230179485638
"157",157,1,6,13,"r_13",1,6.6864811179043,109.9384321771
"158",158,1,6,4,"b_4",2,4.69639737804019,22.5264260316795
"159",159,1,6,3,"r_3",1,3.07412268301917,1.70879817953053
"160",160,1,6,8,"b_8",2,3.48767078899487,3.64859393858543
"161",161,1,7,8,"r_8",1,2.46501741429148,3.43640928973101
"162",162,1,7,10,"b_10",2,1.3316182999697,0.403459923646015
"163",163,1,7,15,"b_15",2,2.81099983499735,6.38667547680201
"164",164,1,7,7,"r_7",1,2.07792961000814,1.39146335884256
"165",165,1,7,2,"b_2",2,2.04914429999189,2.50066668417599
"166",166,1,7,1,"r_1",1,2.28704708572643,2.03854112679521
"167",167,1,7,12,"b_12",2,2.57131760712114,1.11705095253327
"168",168,1,7,16,"b_16",2,2.83355962777407,2.20325565264426
"169",169,1,7,3,"b_3",2,2.49484377369701,2.48578756693804
"170",170,1,7,13,"b_13",2,1.30889778889509,1.23571984003393
"171",171,1,7,12,"r_12",1,5.95258049286453,153.62487940628
"172",172,1,7,6,"r_6",1,2.79786783637246,7.46981885410096
"173",173,1,7,9,"r_9",1,1.73515300909904,1.24327488137778
"174",174,1,7,5,"r_5",1,2.78736666801386,3.18466775540071
"175",175,1,7,15,"r_15",1,2.22477013999596,4.70610624560938
"176",176,1,7,5,"b_5",2,3.25238781738216,13.2307299682863
"177",177,1,7,11,"b_11",2,3.40605580667034,7.1247581958964
"178",178,1,7,2,"r_2",1,3.35796182857095,5.11832047107863
"179",179,1,7,4,"r_4",1,2.43272679524186,1.92483247072604
"180",180,1,7,6,"b_6",2,4.13970799089558,17.479540572596
"181",181,1,7,1,"b_1",2,2.85143316665753,2.55809281463229
"182",182,1,7,11,"r_11",1,2.18695477584923,2.55084813521623
"183",183,1,7,14,"b_14",2,2.4773208124825,1.50431482275277
"184",184,1,7,7,"b_7",2,2.59637582069263,3.06350078060177
"185",185,1,7,14,"r_14",1,2.1109045095398,1.77623111635365
"186",186,1,7,9,"b_9",2,2.30110113332921,1.48720709133482
"187",187,1,7,16,"r_16",1,2.52888656923404,3.40109880593876
"188",188,1,7,10,"r_10",1,1.07449645001907,0.299807079996991
"189",189,1,7,13,"r_13",1,1.18127361000516,0.509481855055806
"190",190,1,7,4,"b_4",2,3.06036763846015,4.53968222735122
"191",191,1,7,3,"r_3",1,3.65178339287273,42.2618780888926
"192",192,1,7,8,"b_8",2,2.71024980587775,2.81423732871205
"193",193,1,9,8,"r_8",1,2.49493879285209,10.4334858782822
"194",194,1,9,10,"b_10",2,1.40209042140382,0.234266122141799
"195",195,1,9,15,"b_15",2,1.68565620624577,1.08639804880776
"196",196,1,9,7,"r_7",1,3.16837100476758,7.86368084713879
"197",197,1,9,2,"b_2",2,3.17126541303815,6.7467895539406
"198",198,1,9,1,"r_1",1,1.36992760664628,0.439625327724579
"199",199,1,9,12,"b_12",2,1.8706270714368,0.647918189779721
"200",200,1,9,16,"b_16",2,3.688479348002,16.1631492702608
"201",201,1,9,3,"b_3",2,2.59478983999829,2.62296560724029
"202",202,1,9,13,"b_13",2,3.39966077273923,21.0489701256946
"203",203,1,9,12,"r_12",1,3.40354614584066,13.7824728765594
"204",204,1,9,6,"r_6",1,2.92748075357356,5.75848315692654
"205",205,1,9,9,"r_9",1,1.39304609997198,0.264869412911427
"206",206,1,9,5,"r_5",1,1.34277870833951,0.14244594229683
"207",207,1,9,15,"r_15",1,2.29848769676661,2.8018165069667
"208",208,1,9,5,"b_5",2,3.1367018391358,7.27229207059406
"209",209,1,9,11,"b_11",2,3.18422835183985,8.80520184050236
"210",210,1,9,2,"r_2",1,1.16150157501882,0.148261003160912
"211",211,1,9,4,"r_4",1,3.05528458823477,4.04616595847164
"212",212,1,9,6,"b_6",2,1.6771399714219,0.451436933762305
"213",213,1,9,1,"b_1",2,1.86763713200111,0.744465252065783
"214",214,1,9,11,"r_11",1,3.41215997060542,3.72192177042619
"215",215,1,9,14,"b_14",2,2.63335387857764,5.97641840036389
"216",216,1,9,7,"b_7",2,1.77225851249386,0.450581555210824
"217",217,1,9,14,"r_14",1,1.35930657273539,0.134985026770054
"218",218,1,9,9,"b_9",2,2.86443762631327,10.4302908985195
"219",219,1,9,16,"r_16",1,4.48150885938594,20.5221333530282
"220",220,1,9,10,"r_10",1,2.11018915000022,1.05538813726922
"221",221,1,9,13,"r_13",1,3.17774778999155,8.58226735853354
"222",222,1,9,4,"b_4",2,4.9141569333345,25.4659078067486
"223",223,1,9,3,"r_3",1,3.19235635263306,8.14054706274822
"224",224,1,9,8,"b_8",2,3.5137647346083,10.7138544530601
"225",225,1,10,8,"r_8",1,1.38988302472717,0.197905081848789
"226",226,1,10,10,"b_10",2,1.37465997556799,0.348553559089852
"227",227,1,10,15,"b_15",2,1.20751900133271,0.11028148851572
"228",228,1,10,7,"r_7",1,1.44647099358372,0.339575639094069
"229",229,1,10,2,"b_2",2,1.4753712084834,0.196613114836233
"230",230,1,10,1,"r_1",1,1.44644181819361,0.086849367345835
"231",231,1,10,12,"b_12",2,1.88338822819424,0.601836221147332
"232",232,1,10,16,"b_16",2,1.4607174503094,0.152738749111012
"233",233,1,10,3,"b_3",2,2.34609630680851,2.67782820728189
"234",234,1,10,13,"b_13",2,5.30438180550482,173.815535234902
"235",235,1,10,12,"r_12",1,1.34375846682249,0.10521514991808
"236",236,1,10,6,"r_6",1,2.85239013003247,27.0218879392854
"237",237,1,10,9,"r_9",1,1.25731106830108,0.156049051932186
"238",238,1,10,5,"r_5",1,0.958169561060328,0.030421377748352
"239",239,1,10,15,"r_15",1,1.81488792846835,1.40593524825216
"240",240,1,10,5,"b_5",2,4.46438906099411,162.326840220707
"241",241,1,10,11,"b_11",2,9.56273151897384,788.354484564268
"242",242,1,10,2,"r_2",1,1.53439639736726,0.226263139094836
"243",243,1,10,4,"r_4",1,2.32474893716489,4.64534042766781
"244",244,1,10,6,"b_6",2,1.55816102936856,0.162938353153994
"245",245,1,10,1,"b_1",2,1.36524389910919,0.0763948651927354
"246",246,1,10,11,"r_11",1,1.28754038475381,0.0758308187224324
"247",247,1,10,14,"b_14",2,1.39390747152611,0.0942923750367247
"248",248,1,10,7,"b_7",2,1.15480874385988,0.0664654839605133
"249",249,1,10,14,"r_14",1,1.47160554290263,0.347731701874174
"250",250,1,10,9,"b_9",2,2.00111255075506,1.10002582116905
"251",251,1,10,16,"r_16",1,1.88967515616928,2.1534041598818
"252",252,1,10,10,"r_10",1,1.15382015804326,0.0571642578411498
"253",253,1,10,13,"r_13",1,1.02939266541489,0.00841272293218442
"254",254,1,10,4,"b_4",2,1.77847606870951,0.81422569902361
"255",255,1,10,3,"r_3",1,1.52684775465574,0.127986030592958
"256",256,1,10,8,"b_8",2,1.56464111752426,0.447240075486868
"259",259,1,11,15,"b_15",2,7.06305559616885,31.4085446290339
"264",264,1,11,16,"b_16",2,9.90667213702109,102.336137256329
"266",266,1,11,13,"b_13",2,5.71818578534294,58.8585749707774
"271",271,1,11,15,"r_15",1,7.27165613218676,42.5704052720079
"272",272,1,11,5,"b_5",2,9.98411293713143,129.458875277746
"280",280,1,11,7,"b_7",2,7.43286093013012,32.3204784308604
"281",281,1,11,14,"r_14",1,4.55960647040047,18.3727098478257
"284",284,1,11,10,"r_10",1,7.92816844250774,143.448267634475
"285",285,1,11,13,"r_13",1,8.3710753005386,148.45358351607
"287",287,1,11,3,"r_3",1,8.89816903868147,105.551924516911
"289",289,1,15,8,"r_8",1,2.48261599582786,1.73933420963001
"290",290,1,15,10,"b_10",2,2.80982653172396,3.65764414799486
"291",291,1,15,15,"b_15",2,2.76760159364332,2.01106775682451
"292",292,1,15,7,"r_7",1,1.72506497941342,0.264330771379554
"293",293,1,15,2,"b_2",2,3.72222953190309,3.08323088297446
"294",294,1,15,1,"r_1",1,1.02715079434953,0.0461255791385263
"295",295,1,15,12,"b_12",2,3.0085999036819,1.92868467265566
"296",296,1,15,16,"b_16",2,5.71070959184065,106.715844610417
"297",297,1,15,3,"b_3",2,2.8302967129922,4.535240534666
"298",298,1,15,13,"b_13",2,1.02152436691436,0.0655807381723437
"299",299,1,15,12,"r_12",1,2.6396590511625,0.861035674919683
"300",300,1,15,6,"r_6",1,1.76796621525864,1.19823836440811
"301",301,1,15,9,"r_9",1,2.35060713824997,1.80661767594744
"302",302,1,15,5,"r_5",1,2.19223804630614,1.48632777439024
"303",303,1,15,15,"r_15",1,2.18032501599373,1.0648532035828
"304",304,1,15,5,"b_5",2,2.6296607438549,2.00759860158995
"305",305,1,15,11,"b_11",2,2.0615302925686,0.356343832890041
"306",306,1,15,2,"r_2",1,3.00601662614645,0.704397072505015
"307",307,1,15,4,"r_4",1,2.00199392336071,1.09710451789345
"308",308,1,15,6,"b_6",2,1.92489344109448,0.916528569470479
"309",309,1,15,1,"b_1",2,1.85078459961369,1.70230171891153
"310",310,1,15,11,"r_11",1,1.77151925839611,0.624893867380653
"311",311,1,15,14,"b_14",2,2.38093439799691,1.82276667351911
"312",312,1,15,7,"b_7",2,2.16568662414128,1.2222905718942
"313",313,1,15,14,"r_14",1,2.68479769729311,3.18913273205141
"314",314,1,15,9,"b_9",2,3.79655838317558,3.63170730748074
"315",315,1,15,16,"r_16",1,3.37529080688754,3.01367947288115
"316",316,1,15,10,"r_10",1,2.05928379662302,0.835294134033629
"317",317,1,15,13,"r_13",1,1.08834002810909,0.411953958989863
"318",318,1,15,4,"b_4",2,2.51727332272899,9.18082096525685
"319",319,1,15,3,"r_3",1,3.55428346143001,6.48210250860839
"320",320,1,15,8,"b_8",2,2.22700281442043,0.272166709945553
"321",321,1,17,8,"r_8",1,3.83373206683609,7.59650606574229
"322",322,1,17,10,"b_10",2,2.71129762475741,0.97164306177415
"323",323,1,17,15,"b_15",2,3.16969553442738,2.11438024495028
"324",324,1,17,7,"r_7",1,5.23038476568347,47.4214564814209
"325",325,1,17,2,"b_2",2,4.75339224229538,10.9110252360216
"326",326,1,17,1,"r_1",1,6.59977002642117,101.24201914072
"328",328,1,17,16,"b_16",2,3.53465960639005,2.19057399721883
"329",329,1,17,3,"b_3",2,5.78337044209911,42.5618186533433
"330",330,1,17,13,"b_13",2,4.84133572459945,11.61747320794
"331",331,1,17,12,"r_12",1,3.19793758095641,1.26762328842253
"332",332,1,17,6,"r_6",1,7.69418499321182,113.699033354325
"333",333,1,17,9,"r_9",1,4.00348629409148,20.4707601822569
"334",334,1,17,5,"r_5",1,7.42162942651194,107.737938578597
"335",335,1,17,15,"r_15",1,2.20230647404346,0.897866775288993
"336",336,1,17,5,"b_5",2,3.36996368250887,4.6372485933438
"337",337,1,17,11,"b_11",2,4.22537958985453,7.13991231039749
"338",338,1,17,2,"r_2",1,5.55103803389648,10.7178691178486
"339",339,1,17,4,"r_4",1,3.79618612954315,2.83135298896517
"340",340,1,17,6,"b_6",2,4.03144287605855,1.51147394579715
"341",341,1,17,1,"b_1",2,6.5406694063422,41.6891224599362
"342",342,1,17,11,"r_11",1,7.20955756369949,105.579707003491
"343",343,1,17,14,"b_14",2,3.0390129089792,1.37794935527649
"344",344,1,17,7,"b_7",2,2.69633577215219,0.557560671805168
"345",345,1,17,14,"r_14",1,4.31807503714663,10.4724602848283
"346",346,1,17,9,"b_9",2,4.33008975602305,4.06890203636426
"347",347,1,17,16,"r_16",1,3.05669330693005,5.22119693538396
"348",348,1,17,10,"r_10",1,5.04648138023913,5.4478582058222
"349",349,1,17,13,"r_13",1,3.27933789820721,1.92229403662893
"350",350,1,17,4,"b_4",2,5.68978158813182,39.0871082480941
"351",351,1,17,3,"r_3",1,3.19424421020085,1.68772740414256
"352",352,1,17,8,"b_8",2,3.7727027730085,4.91820860511
"353",353,1,18,8,"r_8",1,5.80151365175843,27.1366802253013
"354",354,1,18,10,"b_10",2,5.07007627992425,18.4865489540081
"355",355,1,18,15,"b_15",2,3.86227202721639,2.4234268481062
"357",357,1,18,2,"b_2",2,6.00067900315626,3.93151444311812
"358",358,1,18,1,"r_1",1,4.30706681421725,2.4819746182973
"359",359,1,18,12,"b_12",2,4.58599729635171,11.7618456031521
"360",360,1,18,16,"b_16",2,3.16351043232717,1.2878038304737
"361",361,1,18,3,"b_3",2,6.73191977024544,73.9650602771173
"362",362,1,18,13,"b_13",2,4.28545419944243,2.85595875249305
"363",363,1,18,12,"r_12",1,7.62786906398833,70.4113979352437
"364",364,1,18,6,"r_6",1,3.74541177089559,5.35008607274447
"365",365,1,18,9,"r_9",1,2.7294111824478,2.56231817940811
"366",366,1,18,5,"r_5",1,4.71164896771079,6.82479888853807
"367",367,1,18,15,"r_15",1,5.28411624802975,14.944932854237
"368",368,1,18,5,"b_5",2,4.76135860024951,7.22936216595838
"369",369,1,18,11,"b_11",2,7.62160116132582,54.3005306740547
"370",370,1,18,2,"r_2",1,5.35827729871962,13.1824302279796
"371",371,1,18,4,"r_4",1,4.25577144153649,17.601947418059
"372",372,1,18,6,"b_6",2,3.07986675250577,1.68982649207267
"373",373,1,18,1,"b_1",2,3.60165745308623,2.50076723770567
"374",374,1,18,11,"r_11",1,2.32257520813728,0.696091993007712
"375",375,1,18,14,"b_14",2,4.45958864550339,36.2719391933269
"376",376,1,18,7,"b_7",2,3.20807233144296,4.37479324721787
"377",377,1,18,14,"r_14",1,3.3150317639811,5.55463581216101
"378",378,1,18,9,"b_9",2,4.06981503622956,8.51913490064624
"379",379,1,18,16,"r_16",1,3.99513630805692,2.21572199153137
"380",380,1,18,10,"r_10",1,2.05664855126524,1.4040055012547
"381",381,1,18,13,"r_13",1,2.67058791494411,0.702502543190772
"382",382,1,18,4,"b_4",2,3.88792379243532,5.4229932155253
"383",383,1,18,3,"r_3",1,3.61422943910584,1.79790272279234
"384",384,1,18,8,"b_8",2,6.61880981768481,8.03036105718781
"385",385,1,19,8,"r_8",1,3.13706405539415,16.7199343043111
"387",387,1,19,15,"b_15",2,2.36377785145305,0.777815013167558
"388",388,1,19,7,"r_7",1,2.66787428872859,1.10735133005179
"389",389,1,19,2,"b_2",2,2.93515453515907,1.66197595095732
"390",390,1,19,1,"r_1",1,3.00661792611936,2.29619496699897
"391",391,1,19,12,"b_12",2,3.94260123718414,1.08904834702365
"392",392,1,19,16,"b_16",2,3.2852187889046,3.53810150140475
"393",393,1,19,3,"b_3",2,3.01828417242117,1.11396285331169
"394",394,1,19,13,"b_13",2,1.88646494954758,1.41496267447534
"395",395,1,19,12,"r_12",1,2.83857272358146,1.01615256348109
"396",396,1,19,6,"r_6",1,2.81262156742418,0.574083996484099
"397",397,1,19,9,"r_9",1,2.58756391854258,0.672213609702047
"398",398,1,19,5,"r_5",1,2.17320548037727,0.953893382553368
"399",399,1,19,15,"r_15",1,2.28828629762089,0.505734778021758
"400",400,1,19,5,"b_5",2,3.39345905313579,0.919573346381329
"401",401,1,19,11,"b_11",2,3.76046963343833,1.42848177446515
"402",402,1,19,2,"r_2",1,2.16257400418399,0.796191634675692
"403",403,1,19,4,"r_4",1,2.96267838763177,2.29106747277272
"404",404,1,19,6,"b_6",2,3.42174794716546,1.53573520498081
"405",405,1,19,1,"b_1",2,2.64319311705185,0.7674719233711
"406",406,1,19,11,"r_11",1,3.21757973901549,2.10064691293892
"407",407,1,19,14,"b_14",2,2.8551842348469,0.996772008475205
"408",408,1,19,7,"b_7",2,3.15142212946935,1.53301623096862
"409",409,1,19,14,"r_14",1,1.75518869133001,0.549536049112046
"410",410,1,19,9,"b_9",2,3.79110714283306,1.11745579712146
"411",411,1,19,16,"r_16",1,2.64354871482485,1.14687457119106
"412",412,1,19,10,"r_10",1,2.45651151470374,0.460240137085007
"413",413,1,19,13,"r_13",1,1.69594699755544,0.86241558751645
"414",414,1,19,4,"b_4",2,2.13463453725368,0.4711486786228
"415",415,1,19,3,"r_3",1,3.72221662313677,2.26437996926539
"416",416,1,19,8,"b_8",2,4.56505037444488,1.45607273759358
"417",417,1,21,8,"r_8",1,4.34115587235217,27.4300094630286
"418",418,1,21,10,"b_10",2,8.47104776124211,58.9972069006461
"419",419,1,21,15,"b_15",2,4.34637901587744,4.96252572115242
"420",420,1,21,7,"r_7",1,3.08431822735084,1.00990611396923
"421",421,1,21,2,"b_2",2,3.33486768499383,8.29221601665832
"422",422,1,21,1,"r_1",1,1.9743409262571,0.34522113914205
"423",423,1,21,12,"b_12",2,5.75655828250456,8.54973998578538
"424",424,1,21,16,"b_16",2,4.48584750322958,5.26785378324572
"425",425,1,21,3,"b_3",2,6.83827752600579,70.3612703758651
"426",426,1,21,13,"b_13",2,3.61337112494013,4.18187208520989
"427",427,1,21,12,"r_12",1,7.59483518073934,65.7005292896214
"428",428,1,21,6,"r_6",1,5.56669064927846,19.7077219297149
"429",429,1,21,9,"r_9",1,5.20125364656381,11.8193575814434
"430",430,1,21,5,"r_5",1,4.97725031989264,7.95780961400104
"431",431,1,21,15,"r_15",1,4.29082267638296,18.1280045846252
"432",432,1,21,5,"b_5",2,5.39998898577109,22.9356530219887
"433",433,1,21,11,"b_11",2,7.01466360412395,15.6508913160124
"434",434,1,21,2,"r_2",1,3.46187260416336,2.00211411414087
"435",435,1,21,4,"r_4",1,5.81722630995985,28.3110478962352
"437",437,1,21,1,"b_1",2,4.51692284342029,21.1153788307816
"438",438,1,21,11,"r_11",1,3.80309166198907,10.4938846017216
"439",439,1,21,14,"b_14",2,3.78967939226781,2.06008633631592
"440",440,1,21,7,"b_7",2,7.21520894723653,57.6342866545069
"441",441,1,21,14,"r_14",1,3.08682311364516,13.2521886275793
"442",442,1,21,9,"b_9",2,7.85801964387407,28.5290223057903
"443",443,1,21,16,"r_16",1,2.93642250376676,1.31881438145346
"444",444,1,21,10,"r_10",1,3.43000364702576,7.26544217567019
"445",445,1,21,13,"r_13",1,2.6818726739277,2.11701200836608
"446",446,1,21,4,"b_4",2,5.04455063684145,13.6330598492515
"447",447,1,21,3,"r_3",1,6.7910523543178,25.9364727211702
"448",448,1,21,8,"b_8",2,4.013696319882,5.84129982641958
"449",449,1,22,8,"r_8",1,7.20527407286378,178.256232995207
"450",450,1,22,10,"b_10",2,3.71920084706896,8.78838934801298
"451",451,1,22,15,"b_15",2,2.00687380377868,0.468563691136133
"452",452,1,22,7,"r_7",1,2.90636426289566,4.15671700312462
"453",453,1,22,2,"b_2",2,3.22698994974892,1.95604597171661
"454",454,1,22,1,"r_1",1,1.57077421020949,0.216778048865228
"455",455,1,22,12,"b_12",2,2.42720803171396,0.454515897354974
"456",456,1,22,16,"b_16",2,2.50607043148305,0.570001436469231
"457",457,1,22,3,"b_3",2,2.7081511884074,10.8712520514262
"458",458,1,22,13,"b_13",2,2.56923283736355,8.17378828404292
"459",459,1,22,12,"r_12",1,1.88299773106436,0.370646598464721
"460",460,1,22,6,"r_6",1,2.23245501611382,0.768581107113767
"461",461,1,22,9,"r_9",1,1.82293759312015,0.383675979623712
"462",462,1,22,5,"r_5",1,1.42551022183034,0.199685468935048
"463",463,1,22,15,"r_15",1,1.6179770262097,0.335006692841171
"464",464,1,22,5,"b_5",2,2.26829334218055,0.902263446119652
"465",465,1,22,11,"b_11",2,2.63456400025946,1.25472914603255
"466",466,1,22,2,"r_2",1,2.9660635065753,2.31170083976526
"467",467,1,22,4,"r_4",1,2.45351920761944,0.847315160064342
"468",468,1,22,6,"b_6",2,1.92385827730011,0.498418840810356
"469",469,1,22,1,"b_1",2,2.13954366617836,0.826389721996651
"470",470,1,22,11,"r_11",1,2.03155161605017,0.764402368031551
"471",471,1,22,14,"b_14",2,1.77512508795851,1.73638002374988
"472",472,1,22,7,"b_7",2,1.88361668754369,1.00962195648275
"473",473,1,22,14,"r_14",1,1.97940754789549,0.463194373730596
"474",474,1,22,9,"b_9",2,1.70515889422545,0.225085898727779
"475",475,1,22,16,"r_16",1,3.71955410111696,3.5518443728305
"476",476,1,22,10,"r_10",1,1.91175756047014,0.327275832188941
"477",477,1,22,13,"r_13",1,1.9618709821121,1.16138136448516
"478",478,1,22,4,"b_4",2,2.33895833861815,0.489743337905988
"479",479,1,22,3,"r_3",1,2.22770386174255,0.792045547107137
"480",480,1,22,8,"b_8",2,2.41602525636196,1.11427955482279
"482",482,1,23,10,"b_10",2,7.55862350517418,103.219663922575
"483",483,1,23,15,"b_15",2,8.08255279525183,68.1031589930904
"484",484,1,23,7,"r_7",1,4.60848387595615,7.86201974366922
"485",485,1,23,2,"b_2",2,2.26554960998086,1.49193326481174
"486",486,1,23,1,"r_1",1,2.07638907374348,1.24362487488142
"487",487,1,23,12,"b_12",2,1.06320262589725,0.194423207886526
"488",488,1,23,16,"b_16",2,4.58698134732378,43.5336431808461
"489",489,1,23,3,"b_3",2,4.17626149265561,7.28488107285348
"490",490,1,23,13,"b_13",2,1.14791359348844,0.0274781521386925
"491",491,1,23,12,"r_12",1,3.48086511656745,6.75014090620263
"492",492,1,23,6,"r_6",1,3.5152701921761,10.0894303695674
"493",493,1,23,9,"r_9",1,4.62787895295769,4.19158007180096
"494",494,1,23,5,"r_5",1,4.23339588541005,3.20329658008952
"495",495,1,23,15,"r_15",1,3.28595097494932,0.976848167608335
"496",496,1,23,5,"b_5",2,1.44922978649265,0.481409660093312
"497",497,1,23,11,"b_11",2,3.58546760748141,7.10883492784352
"498",498,1,23,2,"r_2",1,1.84832939802436,0.767577018358703
"499",499,1,23,4,"r_4",1,3.16523410248655,2.42159316132021
"500",500,1,23,6,"b_6",2,4.02624350196372,15.4694593579816
"501",501,1,23,1,"b_1",2,3.38260334105614,3.75410826963464
"502",502,1,23,11,"r_11",1,4.22133436544727,4.74805270406823
"503",503,1,23,14,"b_14",2,4.01402248259789,2.03021335766264
"504",504,1,23,7,"b_7",2,4.43932922374058,3.87410221891984
"505",505,1,23,14,"r_14",1,1.67831495155891,1.1429656313651
"506",506,1,23,9,"b_9",2,3.55033792937174,5.43580088899647
"507",507,1,23,16,"r_16",1,5.30692312115571,28.7479133738245
"508",508,1,23,10,"r_10",1,2.23284388013417,3.49227294269077
"509",509,1,23,13,"r_13",1,1.48701037319067,0.369984493624293
"510",510,1,23,4,"b_4",2,4.85698664403411,11.4575586045638
"511",511,1,23,3,"r_3",1,3.72605756103682,7.81722838824399
"512",512,1,23,8,"b_8",2,4.07996499543078,3.01856645736717
"513",513,1,24,8,"r_8",1,3.54640105232102,17.9475632657292
"514",514,1,24,10,"b_10",2,1.99768256691095,1.32101274209498
"515",515,1,24,15,"b_15",2,5.15719635947899,8.54925991659172
"516",516,1,24,7,"r_7",1,4.29066853278265,2.65480222713528
"517",517,1,24,2,"b_2",2,6.27336398385281,32.4410875744686
"518",518,1,24,1,"r_1",1,3.41599133353157,1.64011367069866
"519",519,1,24,12,"b_12",2,3.90284808705878,2.98350657181988
"520",520,1,24,16,"b_16",2,3.17395244537329,1.07835394949187
"521",521,1,24,3,"b_3",2,7.5266130056852,119.930731720605
"522",522,1,24,13,"b_13",2,6.78874984129288,132.524101661499
"523",523,1,24,12,"r_12",1,3.26218106705875,0.696461893493541
"524",524,1,24,6,"r_6",1,3.95112659160804,10.3851784796218
"525",525,1,24,9,"r_9",1,2.27315496165206,0.644492541067999
"526",526,1,24,5,"r_5",1,2.76864419720784,5.45477645254846
"527",527,1,24,15,"r_15",1,3.30975784777376,0.849948823566782
"528",528,1,24,5,"b_5",2,3.83088314598094,9.57308857007653
"529",529,1,24,11,"b_11",2,4.70962190238854,7.02151700209433
"530",530,1,24,2,"r_2",1,4.36369068909802,3.69080197250586
"531",531,1,24,4,"r_4",1,3.14842437712783,1.29553543481829
"532",532,1,24,6,"b_6",2,3.04405278579049,3.30307889673579
"533",533,1,24,1,"b_1",2,4.02630013168424,8.02679472785493
"534",534,1,24,11,"r_11",1,2.60283403278704,0.793393776411078
"535",535,1,24,14,"b_14",2,3.9089112858419,3.59996174117894
"536",536,1,24,7,"b_7",2,5.0253735185457,8.96230720911454
"537",537,1,24,14,"r_14",1,3.0872536932376,2.62111541111606
"538",538,1,24,9,"b_9",2,5.4297198297115,4.99305500658229
"539",539,1,24,16,"r_16",1,2.82554513013505,1.06418478908496
"540",540,1,24,10,"r_10",1,2.17144873781113,0.941114099089054
"541",541,1,24,13,"r_13",1,1.75394818456455,0.249397749460582
"542",542,1,24,4,"b_4",2,4.72915652809136,4.66696361669299
"543",543,1,24,3,"r_3",1,5.26906511185225,2.26988772559152
"544",544,1,24,8,"b_8",2,4.5086218886463,3.67276598646929
"545",545,1,25,8,"r_8",1,2.64758342632252,0.704916571039212
"546",546,1,25,10,"b_10",2,7.09499021111535,96.8468935612359
"547",547,1,25,15,"b_15",2,7.31334447499976,159.100535224208
"548",548,1,25,7,"r_7",1,2.35205834444625,1.04404332484338
"549",549,1,25,2,"b_2",2,3.74837943499588,5.25430245550401
"550",550,1,25,1,"r_1",1,4.52259969374791,7.33057503423684
"551",551,1,25,12,"b_12",2,3.79952353571467,4.00017162284933
"552",552,1,25,16,"b_16",2,3.25225642999721,2.1264470835352
"553",553,1,25,3,"b_3",2,3.0109607950013,1.95789017301368
"554",554,1,25,13,"b_13",2,3.22233299230664,1.60387322069733
"555",555,1,25,12,"r_12",1,4.088255939995,5.53653967084827
"556",556,1,25,6,"r_6",1,4.23919190000096,6.27641586926101
"557",557,1,25,9,"r_9",1,3.97981855000087,6.44322256336313
"558",558,1,25,5,"r_5",1,3.48969970000479,6.21027379243787
"559",559,1,25,15,"r_15",1,3.47359015000153,7.88244355781776
"560",560,1,25,5,"b_5",2,3.33237801538556,5.17256838084648
"561",561,1,25,11,"b_11",2,5.10811685263118,17.7112891198365
"562",562,1,25,2,"r_2",1,4.70020935625143,10.4486617880403
"563",563,1,25,4,"r_4",1,2.12399832499796,1.37184549869847
"564",564,1,25,6,"b_6",2,5.21931542308392,20.4338197567355
"565",565,1,25,1,"b_1",2,3.33233242777351,4.98803756073526
"566",566,1,25,11,"r_11",1,4.20744532000002,1.80330177151608
"567",567,1,25,14,"b_14",2,4.14905913571835,2.08086250541243
"568",568,1,25,7,"b_7",2,2.64124441000167,0.994550950717
"569",569,1,25,14,"r_14",1,2.74106010909203,1.68894975675875
"570",570,1,25,9,"b_9",2,3.57550721764496,3.77554476290698
"571",571,1,25,16,"r_16",1,3.2871308000023,2.60422890884598
"572",572,1,25,10,"r_10",1,3.63083025999949,5.28828891767346
"573",573,1,25,13,"r_13",1,5.05198635833221,23.2349939102706
"574",574,1,25,4,"b_4",2,2.12437784999929,1.57842486968095
"575",575,1,25,3,"r_3",1,6.78524647000304,12.6078900314401
"576",576,1,25,8,"b_8",2,4.13433395333122,5.68231052423056
"577",577,1,26,8,"r_8",1,1.55807068607431,0.184217959583426
"578",578,1,26,10,"b_10",2,1.30239976490848,0.257495359932703
"579",579,1,26,15,"b_15",2,1.83160883067803,0.165442477143707
"580",580,1,26,7,"r_7",1,1.9281300670547,0.337059361212139
"581",581,1,26,2,"b_2",2,1.88506740378008,0.450318552542953
"582",582,1,26,1,"r_1",1,1.32731690040756,0.114215022649165
"583",583,1,26,12,"b_12",2,1.78365898264539,0.249920824782158
"584",584,1,26,16,"b_16",2,1.62550676531262,0.118699881974275
"585",585,1,26,3,"b_3",2,1.97249477970036,0.341865783924765
"586",586,1,26,13,"b_13",2,1.11668702483543,0.111366391818826
"587",587,1,26,12,"r_12",1,1.69396789293803,0.0345769376837264
"588",588,1,26,6,"r_6",1,1.63269447171236,0.348063877508925
"589",589,1,26,9,"r_9",1,1.38959813468682,0.225274628170116
"590",590,1,26,5,"r_5",1,1.65856524776124,0.168391795809299
"591",591,1,26,15,"r_15",1,1.99594619507843,0.444911468491665
"592",592,1,26,5,"b_5",2,1.8605760741856,0.269404406250059
"593",593,1,26,11,"b_11",2,1.73683314916811,0.118356902975191
"594",594,1,26,2,"r_2",1,1.97952412273864,0.243104558845509
"595",595,1,26,4,"r_4",1,1.85772520642786,0.244613929990366
"596",596,1,26,6,"b_6",2,2.08858962316687,0.167274144936103
"597",597,1,26,1,"b_1",2,2.04367001893115,0.202052070343353
"598",598,1,26,11,"r_11",1,1.64572233264981,0.178629040098333
"599",599,1,26,14,"b_14",2,1.87523466420085,0.214016749821638
"600",600,1,26,7,"b_7",2,2.04453165083065,0.198449140641194
"601",601,1,26,14,"r_14",1,1.46497324570709,0.118947728655481
"602",602,1,26,9,"b_9",2,2.11898885780658,0.114774461562765
"603",603,1,26,16,"r_16",1,1.60113535833079,0.124861399516836
"604",604,1,26,10,"r_10",1,1.13485816141739,0.104440702163828
"605",605,1,26,13,"r_13",1,1.25228995783982,0.281965219676339
"606",606,1,26,4,"b_4",2,2.3494437215028,0.210889531781764
"607",607,1,26,3,"r_3",1,1.90450687442419,0.215642193580814
"608",608,1,26,8,"b_8",2,1.89565373853442,0.167514626969315
"609",609,1,27,8,"r_8",1,3.82658586106522,16.1399811171633
"610",610,1,27,10,"b_10",2,2.62370064357618,2.7003141800961
"611",611,1,27,15,"b_15",2,3.2014917550712,2.54392071697439
"612",612,1,27,7,"r_7",1,3.69413845307524,5.52725314745102
"613",613,1,27,2,"b_2",2,2.92385046555327,2.80759329528064
"614",614,1,27,1,"r_1",1,3.43014787766983,3.77496293175441
"615",615,1,27,12,"b_12",2,9.74282958249275,561.439887195358
"616",616,1,27,16,"b_16",2,2.34616765595722,2.02031371100421
"617",617,1,27,3,"b_3",2,4.62269170853225,13.4148679741832
"618",618,1,27,13,"b_13",2,2.86855685996125,0.34902610100243
"619",619,1,27,12,"r_12",1,4.97088134208216,113.629486441098
"621",621,1,27,9,"r_9",1,5.28837918394588,84.8339818434362
"622",622,1,27,5,"r_5",1,2.56957878674924,1.09415070413082
"623",623,1,27,15,"r_15",1,2.80994253655496,3.31906394921058
"624",624,1,27,5,"b_5",2,1.97599422781495,0.717131188993401
"625",625,1,27,11,"b_11",2,3.26600423492658,2.9533815800048
"626",626,1,27,2,"r_2",1,2.95975018069259,4.33632208662624
"627",627,1,27,4,"r_4",1,6.15352767555803,60.0705093532608
"628",628,1,27,6,"b_6",2,2.99425554418849,1.62763991535799
"629",629,1,27,1,"b_1",2,3.1080856539563,1.67283716817968
"630",630,1,27,11,"r_11",1,2.58718237954308,0.869024688318211
"631",631,1,27,14,"b_14",2,2.41315848393262,1.98301231088275
"632",632,1,27,7,"b_7",2,2.87121763383568,2.51924105033196
"633",633,1,27,14,"r_14",1,2.36452452420619,0.654532721246543
"634",634,1,27,9,"b_9",2,4.07146466768972,15.7771483241195
"635",635,1,27,16,"r_16",1,2.39400009662818,1.66697932112867
"636",636,1,27,10,"r_10",1,2.39038778166287,1.95831622669617
"637",637,1,27,13,"r_13",1,1.84660196728318,0.232224239507435
"638",638,1,27,4,"b_4",2,4.88188939043679,19.4368730456898
"639",639,1,27,3,"r_3",1,4.47606518557877,8.39379677998702
"640",640,1,27,8,"b_8",2,1.75929187791637,0.472107193922912
"641",641,1,28,8,"r_8",1,2.41934531902456,3.39530800079047
"642",642,1,28,10,"b_10",2,2.1033346634906,0.416525346083507
"643",643,1,28,15,"b_15",2,2.75451973593694,4.70644469202664
"644",644,1,28,7,"r_7",1,2.41117258811719,0.770675347671773
"645",645,1,28,2,"b_2",2,2.27347816531983,0.543906161907557
"646",646,1,28,1,"r_1",1,2.86172015653574,10.1031632163939
"647",647,1,28,12,"b_12",2,2.76747475692213,2.27803249757298
"648",648,1,28,16,"b_16",2,2.20507728034416,1.08456134539559
"649",649,1,28,3,"b_3",2,2.06302307761923,0.580039578775446
"650",650,1,28,13,"b_13",2,2.17114645992794,0.427703205881086
"651",651,1,28,12,"r_12",1,2.76752076025254,4.79386247973024
"652",652,1,28,6,"r_6",1,2.38172931736335,1.6681330222155
"653",653,1,28,9,"r_9",1,3.47080867957751,2.92572191631181
"654",654,1,28,5,"r_5",1,2.6378086808254,1.26923808418372
"655",655,1,28,15,"r_15",1,2.30975898101072,0.375015356522166
"656",656,1,28,5,"b_5",2,2.29028791650489,1.36781491708946
"657",657,1,28,11,"b_11",2,2.75413211121405,0.883560178078967
"658",658,1,28,2,"r_2",1,2.5321901343363,1.30612042414849
"659",659,1,28,4,"r_4",1,2.11854920526663,0.948388314482488
"660",660,1,28,6,"b_6",2,2.12799061883561,0.739024377392118
"661",661,1,28,1,"b_1",2,2.63701872894837,1.64525104301203
"662",662,1,28,11,"r_11",1,2.76601891114842,1.59720973914939
"663",663,1,28,14,"b_14",2,2.67215231208684,1.91020279864375
"664",664,1,28,7,"b_7",2,2.8848749950955,1.39968272113917
"665",665,1,28,14,"r_14",1,2.28891218120698,1.21990205426608
"666",666,1,28,9,"b_9",2,2.29459017882473,0.660671298900562
"667",667,1,28,16,"r_16",1,2.82703411826151,4.51056835393211
"668",668,1,28,10,"r_10",1,2.27831386418446,1.2735916840566
"669",669,1,28,13,"r_13",1,1.88135397922597,0.698505468622496
"670",670,1,28,4,"b_4",2,2.07782271276228,0.558768984394926
"671",671,1,28,3,"r_3",1,2.49946373815571,2.67106611546255
"672",672,1,28,8,"b_8",2,2.00457127636764,1.04376726882724
"673",673,1,29,8,"r_8",1,1.5603723858302,0.425888692413043
"674",674,1,29,10,"b_10",2,3.30799555582053,11.3324391918655
"675",675,1,29,15,"b_15",2,1.43497113319713,0.241760290349068
"676",676,1,29,7,"r_7",1,1.56622755532788,0.470752871901475
"677",677,1,29,2,"b_2",2,3.00283954448353,3.02543214860369
"678",678,1,29,1,"r_1",1,5.72945243013757,66.1366866988847
"679",679,1,29,12,"b_12",2,2.44140035605524,0.877435252935519
"680",680,1,29,16,"b_16",2,3.19164614273662,3.32342005097186
"681",681,1,29,3,"b_3",2,3.14232138484561,6.11097349898533
"682",682,1,29,13,"b_13",2,1.5900675515295,0.314445110924686
"683",683,1,29,12,"r_12",1,2.4878609171784,1.48731155224258
"684",684,1,29,6,"r_6",1,3.65902934967695,6.35748588081632
"685",685,1,29,9,"r_9",1,2.88843481241598,2.35036002445081
"686",686,1,29,5,"r_5",1,3.27008530176439,5.21647097044505
"687",687,1,29,15,"r_15",1,1.75261782605667,0.228250274129717
"688",688,1,29,5,"b_5",2,2.62522290462882,1.65721249988738
"689",689,1,29,11,"b_11",2,1.83519865835219,0.779762567203391
"690",690,1,29,2,"r_2",1,4.40809073058024,9.54075030534265
"691",691,1,29,4,"r_4",1,2.55481943656923,1.94525747247566
"692",692,1,29,6,"b_6",2,3.26640632106529,2.45589873611409
"693",693,1,29,1,"b_1",2,1.5266553105986,0.0951316254377806
"694",694,1,29,11,"r_11",1,2.30333769411664,1.47413085312677
"695",695,1,29,14,"b_14",2,1.58403775342999,0.18279815467166
"696",696,1,29,7,"b_7",2,1.75823352373845,0.366584384929366
"697",697,1,29,14,"r_14",1,2.93530595557032,2.07743336539713
"698",698,1,29,9,"b_9",2,2.24670783628244,0.723701777399773
"699",699,1,29,16,"r_16",1,4.44771546830172,4.36935010031053
"700",700,1,29,10,"r_10",1,1.85263141008909,2.1049305807246
"701",701,1,29,13,"r_13",1,2.66783964843489,1.93438885171774
"702",702,1,29,4,"b_4",2,3.20239535637666,2.12335133419502
"703",703,1,29,3,"r_3",1,4.30187041453125,4.22060509010046
"704",704,1,29,8,"b_8",2,2.31470202202371,0.983912267784889
"705",705,1,30,8,"r_8",1,4.05055463270401,21.0999360750731
"706",706,1,30,10,"b_10",2,2.81337045522274,6.27327316396955
"707",707,1,30,15,"b_15",2,2.55454788399705,0.880744640950587
"708",708,1,30,7,"r_7",1,2.1847397351327,0.748016097342466
"709",709,1,30,2,"b_2",2,2.82921625856931,0.378921085021344
"710",710,1,30,1,"r_1",1,4.3720697560015,9.80328019119564
"711",711,1,30,12,"b_12",2,5.80488173263695,12.8909837607676
"712",712,1,30,16,"b_16",2,8.22275137160129,13.1771259003855
"713",713,1,30,3,"b_3",2,4.79405046977835,5.03052786984017
"714",714,1,30,13,"b_13",2,4.14106754741321,4.12595162233236
"715",715,1,30,12,"r_12",1,4.69835183739529,13.0693325157864
"716",716,1,30,6,"r_6",1,4.7460995130823,5.23625527569994
"717",717,1,30,9,"r_9",1,2.11544419537919,1.99594119903527
"718",718,1,30,5,"r_5",1,2.22005666613889,0.911459747161299
"719",719,1,30,15,"r_15",1,3.75527090427931,6.1796391272695
"720",720,1,30,5,"b_5",2,2.99057403931339,1.83790930903012
"721",721,1,30,11,"b_11",2,4.56219727952137,5.63324161687954
"722",722,1,30,2,"r_2",1,3.89009413935128,0.739562038999205
"723",723,1,30,4,"r_4",1,1.77316958096344,0.102073805358218
"724",724,1,30,6,"b_6",2,5.23056741030369,1.93613674385189
"725",725,1,30,1,"b_1",2,4.15404346615542,3.97310075401935
"726",726,1,30,11,"r_11",1,3.33394927900428,2.51000612413298
"727",727,1,30,14,"b_14",2,1.94889926157581,0.174339878266157
"728",728,1,30,7,"b_7",2,1.63817280748238,0.312765538306433
"729",729,1,30,14,"r_14",1,1.43910749990027,0.0925896835872628
"730",730,1,30,9,"b_9",2,2.25551908879748,0.361930480318477
"731",731,1,30,16,"r_16",1,3.35797497216845,0.939227789744187
"732",732,1,30,10,"r_10",1,2.07002235328158,0.366726709748328
"733",733,1,30,13,"r_13",1,2.0090394068587,0.349294293437734
"734",734,1,30,4,"b_4",2,1.66648645644697,0.275390559439593
"735",735,1,30,3,"r_3",1,5.13955023533411,6.60445273120064
"736",736,1,30,8,"b_8",2,4.34705380606465,5.13767907719708
"737",737,1,31,8,"r_8",1,6.48825999490112,25.7948209472507
"738",738,1,31,10,"b_10",2,7.6666423200966,26.6860920240236
"739",739,1,31,15,"b_15",2,8.93945059896214,31.7494974819939
"741",741,1,31,2,"b_2",2,7.14239230278569,16.4342284789636
"742",742,1,31,1,"r_1",1,9.49122267155908,104.453778039188
"744",744,1,31,16,"b_16",2,5.7836116750259,9.79573469017336
"746",746,1,31,13,"b_13",2,3.42582282905156,4.26798196203678
"747",747,1,31,12,"r_12",1,6.0198382522471,11.3111135881332
"748",748,1,31,6,"r_6",1,8.94026748923352,34.2126309119756
"750",750,1,31,5,"r_5",1,6.59376850039486,31.8332170512236
"751",751,1,31,15,"r_15",1,8.41462013194299,29.0412214526727
"752",752,1,31,5,"b_5",2,7.04510610441988,34.8779072085841
"753",753,1,31,11,"b_11",2,6.3675108103295,25.8818157182861
"755",755,1,31,4,"r_4",1,6.30897102337754,16.6720117588431
"757",757,1,31,1,"b_1",2,6.60923734847033,34.3122082228231
"758",758,1,31,11,"r_11",1,6.72506409748034,20.290949826111
"759",759,1,31,14,"b_14",2,8.98923967062199,16.7211812448141
"760",760,1,31,7,"b_7",2,5.22054261168362,7.93933538337108
"761",761,1,31,14,"r_14",1,4.99304714614118,13.2041349169745
"762",762,1,31,9,"b_9",2,5.43460479979827,12.6638209698776
"766",766,1,31,4,"b_4",2,6.31442016005749,47.2284415151379
"767",767,1,31,3,"r_3",1,5.78621368153254,23.8390953970963
"768",768,1,31,8,"b_8",2,6.62531698128971,51.8427894437277
"769",769,2,1,8,"r_8",1,2.80306836666659,9.22342254793862
"770",770,2,1,10,"b_10",2,1.38919040000019,1.04365775574581
"771",771,2,1,15,"b_15",2,2.01174813333364,1.95055278705801
"772",772,2,1,7,"r_7",1,7.01768624285744,15.0604994446093
"773",773,2,1,2,"b_2",2,1.88277683333369,0.373043800512081
"774",774,2,1,1,"r_1",1,2.34109003636397,2.10521795352366
"775",775,2,1,12,"b_12",2,3.54452536153845,3.63153387266434
"776",776,2,1,16,"b_16",2,1.34200293333348,0.31767339971436
"777",777,2,1,3,"b_3",2,2.9644189125,9.36226035944232
"778",778,2,1,13,"b_13",2,2.27855920499969,2.48482270816911
"779",779,2,1,12,"r_12",1,4.34395914615393,8.89696032421191
"780",780,2,1,6,"r_6",1,2.20493758888875,1.1222168692121
"781",781,2,1,9,"r_9",1,3.70774122631558,15.3890321788824
"782",782,2,1,5,"r_5",1,2.24892402500006,1.40187470845484
"783",783,2,1,15,"r_15",1,2.69745864999974,5.08246840092272
"784",784,2,1,5,"b_5",2,1.98352333999992,0.276545338970958
"785",785,2,1,11,"b_11",2,1.6882180666671,0.635237117905441
"786",786,2,1,2,"r_2",1,5.02207352727262,12.0549733546075
"787",787,2,1,4,"r_4",1,5.72598775555515,20.5931043645818
"788",788,2,1,6,"b_6",2,4.4892979285713,17.9707458686792
"789",789,2,1,1,"b_1",2,0.82112715000009,0.0126857743693606
"790",790,2,1,11,"r_11",1,1.92036708333399,2.09851891460417
"791",791,2,1,14,"b_14",2,1.52689056666713,0.44376049671634
"792",792,2,1,7,"b_7",2,3.78903230000003,14.2684353862707
"793",793,2,1,14,"r_14",1,1.18613256666655,0.189487071418961
"794",794,2,1,9,"b_9",2,4.76119864999994,17.1496342136038
"795",795,2,1,16,"r_16",1,4.11062790999968,7.75112279915043
"796",796,2,1,10,"r_10",1,0.836800316666389,0.0261344704061486
"797",797,2,1,13,"r_13",1,3.68831465454572,9.47296110564208
"798",798,2,1,4,"b_4",2,3.46911690769258,7.12843511269825
"799",799,2,1,3,"r_3",1,3.13883836666628,9.83438586175736
"800",800,2,1,8,"b_8",2,1.61842015000032,0.584773434530226
"801",801,2,2,8,"r_8",1,7.99813624346474,30.6792416538342
"802",802,2,2,10,"b_10",2,7.94093435630978,78.0556225598578
"803",803,2,2,15,"b_15",2,2.28050827615274,1.00313262932633
"804",804,2,2,7,"r_7",1,1.1271197798843,0.101006743400021
"806",806,2,2,1,"r_1",1,6.35828157115935,169.389017929968
"807",807,2,2,12,"b_12",2,3.40215086904354,2.40084894276479
"808",808,2,2,16,"b_16",2,2.41745651518512,1.3721426576963
"809",809,2,2,3,"b_3",2,2.96263968882461,2.32898369388331
"810",810,2,2,13,"b_13",2,4.30572991652621,10.5481045336981
"811",811,2,2,12,"r_12",1,2.07494589783406,0.406229931996012
"813",813,2,2,9,"r_9",1,7.61360878686214,319.981037282281
"814",814,2,2,5,"r_5",1,2.72774685738194,5.26406048989947
"815",815,2,2,15,"r_15",1,3.78992885012283,5.22888371923416
"816",816,2,2,5,"b_5",2,2.64852102840733,3.86177950697764
"817",817,2,2,11,"b_11",2,9.37193812392294,56.3345409707524
"818",818,2,2,2,"r_2",1,9.3211402778462,24.5986016509459
"819",819,2,2,4,"r_4",1,6.62011236274183,54.4095734041305
"820",820,2,2,6,"b_6",2,8.93943812088289,51.3847616305326
"821",821,2,2,1,"b_1",2,2.66617409455486,2.51208687312748
"822",822,2,2,11,"r_11",1,4.33294573810417,3.53566059558857
"823",823,2,2,14,"b_14",2,6.58709942153655,95.8973881908694
"824",824,2,2,7,"b_7",2,1.38182479528607,0.17759788832331
"825",825,2,2,14,"r_14",1,5.34193616482015,14.3646378280044
"826",826,2,2,9,"b_9",2,4.76271393181841,63.9081861380511
"827",827,2,2,16,"r_16",1,3.7759323769844,5.96959962443616
"828",828,2,2,10,"r_10",1,1.7663708730963,0.116787223680331
"829",829,2,2,13,"r_13",1,4.68360980471003,33.0176796350998
"830",830,2,2,4,"b_4",2,4.20827617822215,19.7226789378652
"831",831,2,2,3,"r_3",1,3.89847367884229,14.6736412538946
"832",832,2,2,8,"b_8",2,3.44114817843203,3.72511699573756
"833",833,2,3,8,"r_8",1,1.27159133684242,0.196522422393455
"834",834,2,3,10,"b_10",2,0.677575033332687,0.00266465028776727
"835",835,2,3,15,"b_15",2,1.5767771999992,0.397964830264416
"836",836,2,3,7,"r_7",1,1.42912897999922,0.495698570438929
"837",837,2,3,2,"b_2",2,2.14092721111202,0.563051172857244
"838",838,2,3,1,"r_1",1,1.74831260000388,0.144431988030495
"839",839,2,3,12,"b_12",2,1.3177926000046,0.204396523003541
"840",840,2,3,16,"b_16",2,1.928497609523,0.371352767614251
"841",841,2,3,3,"b_3",2,1.94440557407452,0.294167589259721
"842",842,2,3,13,"b_13",2,1.19462931111048,0.141908085701617
"843",843,2,3,12,"r_12",1,1.08190187777574,0.00791404155895833
"844",844,2,3,6,"r_6",1,2.0878678230768,0.373268575583396
"845",845,2,3,9,"r_9",1,0.976414844448704,0.0240987599943808
"846",846,2,3,5,"r_5",1,1.39216649230982,0.258786057911895
"847",847,2,3,15,"r_15",1,1.52928730000308,0.188940425174592
"848",848,2,3,5,"b_5",2,1.29665713076807,0.234335651270036
"849",849,2,3,11,"b_11",2,2.09101651999954,0.563586889183601
"850",850,2,3,2,"r_2",1,1.87200881200202,0.578879153594265
"851",851,2,3,4,"r_4",1,1.28644335000135,0.736513708539987
"852",852,2,3,6,"b_6",2,2.75731111666472,1.71416545691688
"853",853,2,3,1,"b_1",2,2.06714911818166,0.57353559906918
"854",854,2,3,11,"r_11",1,1.49674084444673,0.302636280347872
"855",855,2,3,14,"b_14",2,1.51157289166804,0.133493180556019
"856",856,2,3,7,"b_7",2,1.35892616153713,0.351567028024964
"857",857,2,3,14,"r_14",1,1.60484819999748,0.184223184665903
"858",858,2,3,9,"b_9",2,1.20971573333534,0.0431326922627957
"859",859,2,3,16,"r_16",1,2.03336106111076,0.425747070372891
"860",860,2,3,10,"r_10",1,0.752950544444805,0.0230154871051263
"861",861,2,3,13,"r_13",1,1.39764515555645,0.452669710424872
"862",862,2,3,4,"b_4",2,1.1417484333328,0.060598603291132
"863",863,2,3,3,"r_3",1,1.99802327307855,0.669392136435116
"864",864,2,3,8,"b_8",2,1.87138703500314,0.186745457296324
"865",865,2,4,8,"r_8",1,2.96808426390635,7.28643337192289
"866",866,2,4,10,"b_10",2,1.80942483300654,0.308610201350227
"867",867,2,4,15,"b_15",2,1.49116237380076,0.141769393097043
"868",868,2,4,7,"r_7",1,1.67299786396325,0.382796034474404
"869",869,2,4,2,"b_2",2,3.12511905767571,5.11172687765873
"870",870,2,4,1,"r_1",1,8.87626555346651,111.089109682244
"871",871,2,4,12,"b_12",2,2.19426411023596,1.94716214525666
"872",872,2,4,16,"b_16",2,2.2813308730614,2.88640772614461
"873",873,2,4,3,"b_3",2,1.37083521916065,0.00335127431709382
"874",874,2,4,13,"b_13",2,1.09114945458714,0.0373129476703992
"875",875,2,4,12,"r_12",1,2.08005794273049,0.84088127821631
"876",876,2,4,6,"r_6",1,6.10741579637397,39.5284774458742
"877",877,2,4,9,"r_9",1,2.07225720246788,0.340437502764294
"878",878,2,4,5,"r_5",1,3.86340343160555,17.085535443517
"879",879,2,4,15,"r_15",1,1.1796135227778,0.0361450897854749
"880",880,2,4,5,"b_5",2,1.44570066826418,0.191518864842787
"881",881,2,4,11,"b_11",2,1.14314244303387,0.00470343135727132
"882",882,2,4,2,"r_2",1,3.62565957082552,3.95239453500614
"883",883,2,4,4,"r_4",1,2.64647720311768,0.94196998629271
"884",884,2,4,6,"b_6",2,5.79023821518058,4.4513074821676
"885",885,2,4,1,"b_1",2,4.12730011407984,11.1726228073818
"886",886,2,4,11,"r_11",1,1.07112715567928,0.0145299559253901
"887",887,2,4,14,"b_14",2,1.03073761342093,0.0250009746672764
"888",888,2,4,7,"b_7",2,1.78570687813529,0.533553213165946
"889",889,2,4,14,"r_14",1,1.29051887098467,0.107654153243029
"890",890,2,4,9,"b_9",2,3.25417305808514,4.23313332678845
"891",891,2,4,16,"r_16",1,2.70807907350051,0.421075239898578
"892",892,2,4,10,"r_10",1,1.51422350254143,0.286875587102761
"893",893,2,4,13,"r_13",1,1.9333420030307,1.6121262777364
"894",894,2,4,4,"b_4",2,2.46089309936256,4.1762853210034
"895",895,2,4,3,"r_3",1,2.66909136489267,2.30143712754376
"896",896,2,4,8,"b_8",2,1.91314255562611,0.604830117128787
"897",897,2,6,8,"r_8",1,2.91142431434059,9.79772655558909
"898",898,2,6,10,"b_10",2,1.18168416027947,0.145499698983469
"899",899,2,6,15,"b_15",2,2.26782899551358,0.952389775355242
"900",900,2,6,7,"r_7",1,3.54696920644051,9.58420718294247
"901",901,2,6,2,"b_2",2,6.52525735253948,12.1545377346031
"902",902,2,6,1,"r_1",1,5.86502273583733,29.2376157488053
"903",903,2,6,12,"b_12",2,6.1252868859176,8.51756136998422
"904",904,2,6,16,"b_16",2,2.71100796283326,3.08384674210107
"905",905,2,6,3,"b_3",2,3.21662314454306,6.6672362889854
"906",906,2,6,13,"b_13",2,0.922023520207858,0.0420670779209695
"907",907,2,6,12,"r_12",1,1.93844598967303,0.246438367975857
"908",908,2,6,6,"r_6",1,2.33431322822253,0.86711388533862
"909",909,2,6,9,"r_9",1,1.55681501677964,0.488837213841575
"910",910,2,6,5,"r_5",1,1.57180301399148,0.0114413354277735
"911",911,2,6,15,"r_15",1,1.4095295190416,0.0659018989646819
"912",912,2,6,5,"b_5",2,1.83503867754621,0.354509877492705
"913",913,2,6,11,"b_11",2,3.21443516704962,3.77340564234265
"914",914,2,6,2,"r_2",1,2.90160117791233,1.9634020432776
"915",915,2,6,4,"r_4",1,1.41548555910828,0.06620299658448
"916",916,2,6,6,"b_6",2,4.22774865331589,7.0517786378517
"917",917,2,6,1,"b_1",2,2.78583691987426,1.45616557129235
"918",918,2,6,11,"r_11",1,2.82591961479505,2.05161844186413
"919",919,2,6,14,"b_14",2,1.85426239282814,0.143938232008161
"920",920,2,6,7,"b_7",2,3.66320529514295,7.06283237440114
"921",921,2,6,14,"r_14",1,1.82206344091823,0.411476631326746
"922",922,2,6,9,"b_9",2,6.95428413052546,6.83259195915676
"923",923,2,6,16,"r_16",1,3.54571781991867,4.67959945480937
"924",924,2,6,10,"r_10",1,0.980471765569226,0.0613197485397229
"925",925,2,6,13,"r_13",1,0.95020365559997,0.0295221765770786
"926",926,2,6,4,"b_4",2,1.24940916178119,0.209989285483612
"927",927,2,6,3,"r_3",1,6.61267290197559,24.0863667543247
"928",928,2,6,8,"b_8",2,7.67402343224291,143.778464898963
"929",929,2,7,8,"r_8",1,1.19788023332755,0.157509580459201
"930",930,2,7,10,"b_10",2,0.711858266692919,0.0107723889881699
"931",931,2,7,15,"b_15",2,2.55285296000075,1.02596702163472
"932",932,2,7,7,"r_7",1,2.74005766663079,5.12066467600214
"933",933,2,7,2,"b_2",2,1.53837293332132,0.392283926707214
"934",934,2,7,1,"r_1",1,1.50452223338652,0.147405151605103
"935",935,2,7,12,"b_12",2,2.05484059997252,0.105296303233051
"936",936,2,7,16,"b_16",2,1.60439156671055,0.00135754129905528
"937",937,2,7,3,"b_3",2,1.11484363333633,0.00642935834415
"938",938,2,7,13,"b_13",2,0.744268966683497,0.000503796051417507
"939",939,2,7,12,"r_12",1,2.00492536668511,0.139136704572085
"940",940,2,7,6,"r_6",1,2.48423010002201,2.02532773362148
"941",941,2,7,9,"r_9",1,2.53278693333656,1.70651235091607
"942",942,2,7,5,"r_5",1,1.65099632498459,0.370911810744875
"943",943,2,7,15,"r_15",1,4.049692283336,12.7622651329716
"944",944,2,7,5,"b_5",2,4.65996710002461,14.0207367237329
"945",945,2,7,11,"b_11",2,2.50081290001981,0.362496876964482
"946",946,2,7,2,"r_2",1,2.09995183333134,0.159371859569534
"947",947,2,7,4,"r_4",1,1.4930493199965,0.107947783289998
"948",948,2,7,6,"b_6",2,2.17206870000033,1.89455533571037
"949",949,2,7,1,"b_1",2,3.27062313996721,7.61612507407914
"950",950,2,7,11,"r_11",1,2.83209765998181,2.09061957232025
"951",951,2,7,14,"b_14",2,2.36687506669356,0.646432494250401
"952",952,2,7,7,"b_7",2,2.41390219994355,0.630315993214446
"953",953,2,7,14,"r_14",1,1.86304587998893,0.683086706191329
"954",954,2,7,9,"b_9",2,1.6994324499974,0.588701201972039
"955",955,2,7,16,"r_16",1,1.41885783333176,0.0702955328914029
"956",956,2,7,10,"r_10",1,0.860667800006922,0.0305503625237525
"957",957,2,7,13,"r_13",1,0.716168299977047,0.000738104279286809
"958",958,2,7,4,"b_4",2,1.5942020000269,0.155477306506768
"959",959,2,7,3,"r_3",1,1.07529666666718,0.160588119994956
"960",960,2,7,8,"b_8",2,2.41296726360451,0.922330885788728
"961",961,2,9,8,"r_8",1,1.06704766668069,0.506625238104049
"962",962,2,9,10,"b_10",2,0.756314933338823,0.0163787926517071
"963",963,2,9,15,"b_15",2,2.86659876668515,1.10743324482602
"964",964,2,9,7,"r_7",1,3.24984689999837,0.882973135919049
"965",965,2,9,2,"b_2",2,2.50740680001521,1.84351388916523
"966",966,2,9,1,"r_1",1,1.0364320333659,0.00563281051990301
"967",967,2,9,12,"b_12",2,3.74723583331797,4.5655692833611
"968",968,2,9,16,"b_16",2,3.04668403331501,0.0320527860255967
"969",969,2,9,3,"b_3",2,2.41314474001992,1.93934965496614
"970",970,2,9,13,"b_13",2,2.87667069999346,2.86352542131787
"971",971,2,9,12,"r_12",1,2.24257253335478,2.94455698682516
"972",972,2,9,6,"r_6",1,3.56564555712976,3.7947740773454
"973",973,2,9,9,"r_9",1,0.964001899973179,0.0329722048766662
"974",974,2,9,5,"r_5",1,3.0870104500209,3.62895150869934
"975",975,2,9,15,"r_15",1,1.0283621000126,0.00987378065556957
"976",976,2,9,5,"b_5",2,1.17223993327934,0.77634897480802
"977",977,2,9,11,"b_11",2,3.35992303335418,3.2942840514303
"978",978,2,9,2,"r_2",1,3.18320766669543,0.420219115171414
"979",979,2,9,4,"r_4",1,2.89707646662525,1.85898494037712
"980",980,2,9,6,"b_6",2,2.40181066662384,0.812702690113181
"981",981,2,9,1,"b_1",2,0.924925200020274,0.00568827783816452
"982",982,2,9,11,"r_11",1,3.59107626668022,4.35595966589657
"983",983,2,9,14,"b_14",2,2.04034739996617,2.60103983633572
"984",984,2,9,7,"b_7",2,2.65835670001494,2.63251939462791
"985",985,2,9,14,"r_14",1,3.00451278749097,2.85232869782617
"986",986,2,9,9,"b_9",2,0.965153700051208,0.00700202607793315
"987",987,2,9,16,"r_16",1,2.13710359996185,0.550633201105533
"988",988,2,9,10,"r_10",1,0.773380533365222,0.00533666652199679
"989",989,2,9,13,"r_13",1,1.56029014996602,0.194927957368542
"990",990,2,9,4,"b_4",2,3.33447359999021,2.69269765665219
"991",991,2,9,3,"r_3",1,2.13466074998723,1.23069237381759
"992",992,2,9,8,"b_8",2,2.9698068999763,0.818951343957251
"993",993,2,10,8,"r_8",1,2.02216616104579,0.819356103791412
"994",994,2,10,10,"b_10",2,0.906086873812455,0.00983274760875956
"995",995,2,10,15,"b_15",2,2.51761097245617,3.67664566187764
"996",996,2,10,7,"r_7",1,2.21430451981602,1.09860189529664
"997",997,2,10,2,"b_2",2,1.13291561651689,0.00960623143860323
"998",998,2,10,1,"r_1",1,2.32613040901924,0.433613512861096
"999",999,2,10,12,"b_12",2,1.87444693537812,0.0865994515890995
"1000",1000,2,10,16,"b_16",2,2.35328853009287,3.24751943534213
"1001",1001,2,10,3,"b_3",2,3.38956677945746,5.14388467343888
"1002",1002,2,10,13,"b_13",2,3.13379749347223,2.64364862656822
"1003",1003,2,10,12,"r_12",1,1.18623213832204,0.0218240444992708
"1004",1004,2,10,6,"r_6",1,3.98090260237344,3.16905410728481
"1005",1005,2,10,9,"r_9",1,2.14992187009284,0.83462381157907
"1006",1006,2,10,5,"r_5",1,1.22631902669794,0.0531894529312705
"1007",1007,2,10,15,"r_15",1,2.67549897556213,4.57905744864508
"1008",1008,2,10,5,"b_5",2,1.88962680141412,0.205420650437968
"1009",1009,2,10,11,"b_11",2,3.94102813359314,0.581398816584036
"1010",1010,2,10,2,"r_2",1,2.11227351201615,1.22796615940771
"1011",1011,2,10,4,"r_4",1,1.28037429538623,0.0335879750061028
"1012",1012,2,10,6,"b_6",2,3.45868233276165,0.772170370880597
"1013",1013,2,10,1,"b_1",2,2.34233088749306,1.01021539930648
"1014",1014,2,10,11,"r_11",1,2.97258925377537,0.310982517347788
"1015",1015,2,10,14,"b_14",2,1.8052202200682,0.00467597446427224
"1016",1016,2,10,7,"b_7",2,2.28805086874612,0.691917969381977
"1017",1017,2,10,14,"r_14",1,2.28597059029683,1.30389046837009
"1018",1018,2,10,9,"b_9",2,3.56208217225003,2.81099261586582
"1019",1019,2,10,16,"r_16",1,2.40281911635126,0.28527632617459
"1020",1020,2,10,10,"r_10",1,0.784975620101856,0.00119104947450798
"1021",1021,2,10,13,"r_13",1,1.19664672857956,0.0352401260703104
"1022",1022,2,10,4,"b_4",2,1.43772715357166,0.038656134400868
"1023",1023,2,10,3,"r_3",1,3.8864022219077,2.45046688980621
"1024",1024,2,10,8,"b_8",2,4.00963397384597,3.54739867118524
"1025",1025,2,11,8,"r_8",1,7.48290175863076,0.765198632909216
"1026",1026,2,11,10,"b_10",2,1.50226937397383,1.36346192923195
"1027",1027,2,11,15,"b_15",2,8.49551932325121,99.9289107840236
"1028",1028,2,11,7,"r_7",1,6.76287579035852,38.3357253970211
"1029",1029,2,11,2,"b_2",2,5.08487397265465,9.11661230667998
"1033",1033,2,11,3,"b_3",2,9.49518477664484,79.6587193924705
"1034",1034,2,11,13,"b_13",2,0.89478835859336,0.00541963141235916
"1037",1037,2,11,9,"r_9",1,4.90559229002489,6.0576534742848
"1038",1038,2,11,5,"r_5",1,3.1901163335812,5.2038513987074
"1039",1039,2,11,15,"r_15",1,7.99117847142043,20.6119977275558
"1040",1040,2,11,5,"b_5",2,5.59594823559746,10.2168639229746
"1041",1041,2,11,11,"b_11",2,9.08320397014419,42.8711777146443
"1042",1042,2,11,2,"r_2",1,2.32949146267492,0.936896455859937
"1043",1043,2,11,4,"r_4",1,4.4964006995627,4.88824640141483
"1045",1045,2,11,1,"b_1",2,3.64301891593883,6.51044244270016
"1046",1046,2,11,11,"r_11",1,3.77534998036572,2.75461400338858
"1047",1047,2,11,14,"b_14",2,5.82658926723525,8.49564809822661
"1048",1048,2,11,7,"b_7",2,1.22592206256619,0.10753294079308
"1049",1049,2,11,14,"r_14",1,2.51326570038994,1.57905101354343
"1050",1050,2,11,9,"b_9",2,5.88177714645281,11.3790996259886
"1051",1051,2,11,16,"r_16",1,8.48740910447668,68.4077927053616
"1052",1052,2,11,10,"r_10",1,0.910013279877603,0.0310204173793828
"1053",1053,2,11,13,"r_13",1,0.882161396128746,0.001216785205996
"1054",1054,2,11,4,"b_4",2,4.21688862065785,7.43020473740896
"1055",1055,2,11,3,"r_3",1,4.53995240526274,2.24341038182557
"1056",1056,2,11,8,"b_8",2,3.96609305411112,0.399943116245587
"1057",1057,2,17,8,"r_8",1,2.9214360525754,2.55505340092561
"1058",1058,2,17,10,"b_10",2,1.93281515901132,3.12147753702948
"1059",1059,2,17,15,"b_15",2,5.5099056782977,60.1561740587733
"1060",1060,2,17,7,"r_7",1,2.08188203338068,0.995269833558593
"1061",1061,2,17,2,"b_2",2,2.16309294077413,0.234037286185709
"1062",1062,2,17,1,"r_1",1,3.23324141898775,0.774913336246064
"1063",1063,2,17,12,"b_12",2,6.95345737393169,19.2625944353253
"1064",1064,2,17,16,"b_16",2,2.67140186486843,3.26631876253324
"1065",1065,2,17,3,"b_3",2,2.5683527299203,2.92580764342908
"1066",1066,2,17,13,"b_13",2,1.56693909899332,0.592660086363074
"1067",1067,2,17,12,"r_12",1,1.37315741844941,0.0993904924283238
"1068",1068,2,17,6,"r_6",1,3.58061668955876,13.6865294838653
"1069",1069,2,17,9,"r_9",1,1.00924615682258,0.00441944011406353
"1070",1070,2,17,5,"r_5",1,3.51394506256717,11.1966407745313
"1071",1071,2,17,15,"r_15",1,2.11726467307502,0.159791576174267
"1072",1072,2,17,5,"b_5",2,2.18042489135405,2.83354041470231
"1073",1073,2,17,11,"b_11",2,7.00931072098319,19.4007047902032
"1074",1074,2,17,2,"r_2",1,2.58914530248148,1.39311139236171
"1075",1075,2,17,4,"r_4",1,1.81289399781963,0.18605268325174
"1076",1076,2,17,6,"b_6",2,3.50259883550461,4.49459305135631
"1077",1077,2,17,1,"b_1",2,1.76767425444753,0.247312145304543
"1078",1078,2,17,11,"r_11",1,2.66809640733991,3.22269908074822
"1079",1079,2,17,14,"b_14",2,3.78471395970943,1.91121082962948
"1080",1080,2,17,7,"b_7",2,1.38083003007341,0.0551038640317904
"1081",1081,2,17,14,"r_14",1,4.56741061643697,6.3534215798784
"1082",1082,2,17,9,"b_9",2,5.03359964486056,5.36225724592419
"1083",1083,2,17,16,"r_16",1,1.35580814645315,0.104535987521833
"1084",1084,2,17,10,"r_10",1,1.01906400507626,0.00705147671109249
"1085",1085,2,17,13,"r_13",1,1.5052606992734,0.248440097049246
"1086",1086,2,17,4,"b_4",2,2.07227693393361,0.581024319378657
"1087",1087,2,17,3,"r_3",1,1.99505125649739,1.12995747643077
"1088",1088,2,17,8,"b_8",2,5.10809331959657,6.24182776619524
"1089",1089,2,18,8,"r_8",1,5.18005296948832,19.0195042921342
"1090",1090,2,18,10,"b_10",2,2.19104133154421,1.31132134236328
"1092",1092,2,18,7,"r_7",1,3.53092497071096,4.70248509385424
"1093",1093,2,18,2,"b_2",2,6.7204619574671,13.6083810135831
"1094",1094,2,18,1,"r_1",1,3.60318233449167,1.35605366861776
"1095",1095,2,18,12,"b_12",2,5.38210166377636,6.60514531423727
"1096",1096,2,18,16,"b_16",2,2.80706725797305,0.547726486341515
"1097",1097,2,18,3,"b_3",2,3.32858819588243,0.611264035960133
"1098",1098,2,18,13,"b_13",2,1.60832682535208,0.0907428153780144
"1099",1099,2,18,12,"r_12",1,7.60155363260613,22.8192043488656
"1100",1100,2,18,6,"r_6",1,2.37651287806996,0.0798416242994701
"1101",1101,2,18,9,"r_9",1,1.80298873347541,0.187227356728388
"1102",1102,2,18,5,"r_5",1,3.45740344301642,1.32691317358774
"1103",1103,2,18,15,"r_15",1,3.94488650172328,1.20531246089937
"1104",1104,2,18,5,"b_5",2,4.07624782575294,1.96963376987438
"1105",1105,2,18,11,"b_11",2,3.3178412662431,0.506761613322448
"1107",1107,2,18,4,"r_4",1,3.63003287668107,3.19243939450277
"1108",1108,2,18,6,"b_6",2,3.29027257062262,3.31514357385105
"1109",1109,2,18,1,"b_1",2,2.8696711921948,1.98533079250243
"1110",1110,2,18,11,"r_11",1,2.97510936146136,1.37420115443318
"1111",1111,2,18,14,"b_14",2,3.00789746933151,3.43562654978347
"1112",1112,2,18,7,"b_7",2,2.68230157945072,0.885070280459817
"1113",1113,2,18,14,"r_14",1,2.30741780152312,0.0557679881990093
"1114",1114,2,18,9,"b_9",2,1.93466356693534,0.053478042773541
"1115",1115,2,18,16,"r_16",1,3.20143333735177,2.54325016673695
"1116",1116,2,18,10,"r_10",1,1.54506208066596,0.406912267049334
"1117",1117,2,18,13,"r_13",1,9.50814629712841,104.352771261704
"1118",1118,2,18,4,"b_4",2,1.79949643922737,0.0226848804017616
"1119",1119,2,18,3,"r_3",1,4.01900461339392,2.00217484822515
"1120",1120,2,18,8,"b_8",2,3.62642794440035,1.06682305501729
"1121",1121,2,21,8,"r_8",1,4.98681389342528,14.3867423582823
"1122",1122,2,21,10,"b_10",2,2.59398380329367,0.576519333917525
"1123",1123,2,21,15,"b_15",2,2.77711660663287,1.04772561194872
"1124",1124,2,21,7,"r_7",1,1.72891004542665,0.154884809123877
"1125",1125,2,21,2,"b_2",2,4.15308316339118,15.3756671918411
"1126",1126,2,21,1,"r_1",1,3.90031611977611,0.204701964840859
"1127",1127,2,21,12,"b_12",2,2.28768664163848,0.82275624855052
"1128",1128,2,21,16,"b_16",2,1.74700518992419,0.064119937238117
"1129",1129,2,21,3,"b_3",2,4.37689050691552,7.37446523883369
"1130",1130,2,21,13,"b_13",2,3.25408438007192,12.0521227409592
"1131",1131,2,21,12,"r_12",1,1.58335773685637,0.0649464136947565
"1132",1132,2,21,6,"r_6",1,2.44736194816263,2.35431945870464
"1133",1133,2,21,9,"r_9",1,1.32594446279109,0.0596806490806353
"1134",1134,2,21,5,"r_5",1,4.32262546664569,4.36158634654148
"1135",1135,2,21,15,"r_15",1,5.47282548469957,20.8343599614324
"1136",1136,2,21,5,"b_5",2,2.66376440805228,6.5290791654286
"1137",1137,2,21,11,"b_11",2,2.91273769573309,1.59736121734868
"1138",1138,2,21,2,"r_2",1,2.49819083826151,0.401880543919225
"1139",1139,2,21,4,"r_4",1,1.45810770010576,0.0065360437730736
"1140",1140,2,21,6,"b_6",2,5.42211207063519,5.61791615042306
"1141",1141,2,21,1,"b_1",2,1.68032923972351,0.904457174409382
"1142",1142,2,21,11,"r_11",1,2.54276286376019,3.69875986967263
"1143",1143,2,21,14,"b_14",2,1.37040317388407,0.22215312410208
"1144",1144,2,21,7,"b_7",2,1.25212541240035,0.0496034546574473
"1145",1145,2,21,14,"r_14",1,1.42216975175931,0.492089734056099
"1146",1146,2,21,9,"b_9",2,2.82496593170799,1.2322204976261
"1147",1147,2,21,16,"r_16",1,3.51209494378418,0.760898188545769
"1148",1148,2,21,10,"r_10",1,2.80616937016021,2.0714299658083
"1149",1149,2,21,13,"r_13",1,1.63804284241633,1.56541383952875
"1150",1150,2,21,4,"b_4",2,1.14428594087561,0.0478740733423384
"1151",1151,2,21,3,"r_3",1,4.12500308882445,15.1097857271491
"1152",1152,2,21,8,"b_8",2,3.38758042648745,8.72140219812206
"1153",1153,2,23,8,"r_8",1,4.56934027145617,23.2729818506717
"1154",1154,2,23,10,"b_10",2,2.66181027560378,5.2741753258144
"1155",1155,2,23,15,"b_15",2,6.29599146999849,32.2315549875049
"1156",1156,2,23,7,"r_7",1,5.63308594544004,31.5121111557325
"1157",1157,2,23,2,"b_2",2,2.74190017278306,1.14084095093269
"1158",1158,2,23,1,"r_1",1,3.09512161158232,3.01647506134727
"1159",1159,2,23,12,"b_12",2,9.83947219828736,82.2684097211544
"1161",1161,2,23,3,"b_3",2,4.19368853586327,3.64131514783041
"1163",1163,2,23,12,"r_12",1,4.08159206344862,14.1861038272835
"1164",1164,2,23,6,"r_6",1,6.62171456019084,31.4139798848941
"1166",1166,2,23,5,"r_5",1,3.7896124625889,10.8349705759085
"1167",1167,2,23,15,"r_15",1,8.98986865995297,17.0326350935699
"1168",1168,2,23,5,"b_5",2,3.07943672973973,1.29623218697152
"1169",1169,2,23,11,"b_11",2,4.81285191846725,9.17287002818723
"1170",1170,2,23,2,"r_2",1,3.3367251873482,6.15134792352067
"1171",1171,2,23,4,"r_4",1,6.6404621724505,5.66441824624595
"1172",1172,2,23,6,"b_6",2,4.11291254793759,4.06052251261339
"1173",1173,2,23,1,"b_1",2,4.12766775134951,1.52617404679217
"1174",1174,2,23,11,"r_11",1,6.08058153486086,12.9498409556377
"1175",1175,2,23,14,"b_14",2,7.0367837815138,96.8381600432408
"1176",1176,2,23,7,"b_7",2,3.5682869683078,1.20369795529954
"1178",1178,2,23,9,"b_9",2,2.90454957194161,4.51822691426626
"1179",1179,2,23,16,"r_16",1,9.11013856432401,49.0134184087787
"1180",1180,2,23,10,"r_10",1,1.52716097664088,0.0875581580634004
"1181",1181,2,23,13,"r_13",1,1.37145692938939,0.29731592132292
"1182",1182,2,23,4,"b_4",2,3.93928609224968,2.17791005668463
"1183",1183,2,23,3,"r_3",1,4.34648492507404,13.4504422594823
"1184",1184,2,23,8,"b_8",2,3.24333537435159,1.36147103551987
"1185",1185,2,24,8,"r_8",1,5.34725491186449,21.0699721945086
"1186",1186,2,24,10,"b_10",2,1.54947645753661,0.219718068773111
"1187",1187,2,24,15,"b_15",2,4.60051585166948,1.4062542260112
"1188",1188,2,24,7,"r_7",1,2.33697371570937,0.452511314071175
"1189",1189,2,24,2,"b_2",2,1.46031792080612,0.042491777639592
"1190",1190,2,24,1,"r_1",1,2.68992055051785,1.80759189813338
"1191",1191,2,24,12,"b_12",2,4.94598540843581,10.1595318636618
"1192",1192,2,24,16,"b_16",2,5.03636600688915,3.52950210215982
"1193",1193,2,24,3,"b_3",2,5.29890843136236,16.3550000585373
"1194",1194,2,24,13,"b_13",2,1.0095308892002,0.0126913648569318
"1195",1195,2,24,12,"r_12",1,2.82913739389623,0.883145686328208
"1196",1196,2,24,6,"r_6",1,4.25275477555988,6.80942855443679
"1197",1197,2,24,9,"r_9",1,1.66882873388628,0.165967984803308
"1198",1198,2,24,5,"r_5",1,3.65698833273927,0.994341431478456
"1199",1199,2,24,15,"r_15",1,3.34343340914347,0.620339786054426
"1200",1200,2,24,5,"b_5",2,2.88287771100295,2.24887844577763
"1201",1201,2,24,11,"b_11",2,3.66220905270166,5.77015854199617
"1203",1203,2,24,4,"r_4",1,1.78457373462879,0.391297626355063
"1204",1204,2,24,6,"b_6",2,4.15394626187238,1.21931352925326
"1205",1205,2,24,1,"b_1",2,2.84351259241036,0.282956086759703
"1206",1206,2,24,11,"r_11",1,2.68986995173327,1.2565805862089
"1207",1207,2,24,14,"b_14",2,2.53389146159558,1.75955367476924
"1208",1208,2,24,7,"b_7",2,2.48777323916632,3.38439338686541
"1209",1209,2,24,14,"r_14",1,2.79819530416474,5.1783768788787
"1210",1210,2,24,9,"b_9",2,7.37207408731532,86.5513788807405
"1211",1211,2,24,16,"r_16",1,4.49667660666455,3.83290846008757
"1212",1212,2,24,10,"r_10",1,0.93385728536911,0.0173658798447079
"1213",1213,2,24,13,"r_13",1,1.01423888043306,0.0180135672417899
"1214",1214,2,24,4,"b_4",2,1.42019407636447,0.0585065714495007
"1215",1215,2,24,3,"r_3",1,3.23286125999099,0.503535438183884
"1216",1216,2,24,8,"b_8",2,4.76041814566997,1.79635853541274
"1217",1217,2,25,8,"r_8",1,6.84863737499109,65.4648175223944
"1218",1218,2,25,10,"b_10",2,1.22523970000717,0.17607070784764
"1219",1219,2,25,15,"b_15",2,3.49849739999303,7.82080011419217
"1220",1220,2,25,7,"r_7",1,1.2897757999987,0.0678238323913683
"1221",1221,2,25,2,"b_2",2,4.20412554000504,4.81157551383081
"1222",1222,2,25,1,"r_1",1,3.17589851666708,1.41066464846877
"1223",1223,2,25,12,"b_12",2,5.21960735000418,48.8998432607136
"1224",1224,2,25,16,"b_16",2,2.34346003332757,0.0459761380848841
"1225",1225,2,25,3,"b_3",2,3.11231438000104,2.72774488308612
"1226",1226,2,25,13,"b_13",2,2.43827433332141,1.16076840382671
"1227",1227,2,25,12,"r_12",1,2.29069431249809,0.570692636904032
"1228",1228,2,25,6,"r_6",1,2.53217761250198,5.82829535593865
"1229",1229,2,25,9,"r_9",1,2.21820117500465,0.628945973595152
"1230",1230,2,25,5,"r_5",1,2.51877317272539,1.67352127309335
"1231",1231,2,25,15,"r_15",1,2.31695243636601,1.19190317511924
"1232",1232,2,25,5,"b_5",2,2.04903389999942,1.45926829460037
"1233",1233,2,25,11,"b_11",2,4.1788579000131,11.695233466722
"1234",1234,2,25,2,"r_2",1,3.84452958571741,6.49195548644886
"1235",1235,2,25,4,"r_4",1,0.982733766664751,0.0698376656414447
"1236",1236,2,25,6,"b_6",2,2.64683253333593,3.85835157182151
"1237",1237,2,25,1,"b_1",2,3.07741738000186,4.48154588480376
"1238",1238,2,25,11,"r_11",1,2.84290373333109,2.76986723932257
"1239",1239,2,25,14,"b_14",2,2.23444196667212,0.77921668716768
"1240",1240,2,25,7,"b_7",2,1.33520032500383,0.0988128089330894
"1241",1241,2,25,14,"r_14",1,2.7447424333368,2.72660323435633
"1242",1242,2,25,9,"b_9",2,3.30380182500812,3.66054520092546
"1243",1243,2,25,16,"r_16",1,2.42207923332656,0.339551099213406
"1244",1244,2,25,10,"r_10",1,1.34020536666503,0.190055591562817
"1245",1245,2,25,13,"r_13",1,3.03710960000171,2.14869296721979
"1246",1246,2,25,4,"b_4",2,2.06319563332363,1.08540877840293
"1247",1247,2,25,3,"r_3",1,3.46504482500313,3.01837350558967
"1248",1248,2,25,8,"b_8",2,3.04598024286263,1.07883452131125
"1249",1249,2,26,8,"r_8",1,1.19734577352938,0.267371281309895
"1250",1250,2,26,10,"b_10",2,0.695947409568665,0.000141064678973073
"1251",1251,2,26,15,"b_15",2,1.91232799823047,0.291955704483192
"1252",1252,2,26,7,"r_7",1,1.72129137326556,0.0787421819299711
"1253",1253,2,26,2,"b_2",2,1.88584506975021,0.228874479173147
"1254",1254,2,26,1,"r_1",1,1.09116894976857,0.0140560631865511
"1255",1255,2,26,12,"b_12",2,1.20653623726685,0.0403801430056136
"1256",1256,2,26,16,"b_16",2,1.92122709941274,0.330483566174417
"1257",1257,2,26,3,"b_3",2,1.63719874518574,0.128180954092222
"1258",1258,2,26,13,"b_13",2,0.850483336505325,0.0148784989149401
"1259",1259,2,26,12,"r_12",1,1.5398681769293,0.015099062604949
"1260",1260,2,26,6,"r_6",1,1.6335027297755,0.0519368674645725
"1261",1261,2,26,9,"r_9",1,1.16210236576929,0.211374848489952
"1262",1262,2,26,5,"r_5",1,1.45390339368411,0.112505535340052
"1263",1263,2,26,15,"r_15",1,1.70562225930189,0.0968942681156277
"1264",1264,2,26,5,"b_5",2,1.4351994189589,0.195828081962241
"1265",1265,2,26,11,"b_11",2,1.33097865510111,0.0205321441248099
"1266",1266,2,26,2,"r_2",1,2.31445558774285,0.0303006954150105
"1267",1267,2,26,4,"r_4",1,1.40558021309941,0.104555652936028
"1268",1268,2,26,6,"b_6",2,1.67788179304625,0.175363395132316
"1269",1269,2,26,1,"b_1",2,1.15798472217284,0.0445052288865902
"1270",1270,2,26,11,"r_11",1,1.62256318051368,0.05086441434122
"1271",1271,2,26,14,"b_14",2,1.23123959579971,0.0110522877392168
"1272",1272,2,26,7,"b_7",2,1.37819838958094,0.0616343652984366
"1273",1273,2,26,14,"r_14",1,1.05368181705126,0.00513381136564389
"1274",1274,2,26,9,"b_9",2,1.54799461553339,0.174148797850341
"1275",1275,2,26,16,"r_16",1,1.14391601178795,0.00375521862351347
"1276",1276,2,26,10,"r_10",1,0.72053165192483,1.90543167547107e-05
"1277",1277,2,26,13,"r_13",1,0.819846921464583,0.0090411021929565
"1278",1278,2,26,4,"b_4",2,1.51071351859719,0.00226126300421053
"1279",1279,2,26,3,"r_3",1,1.69093960843747,0.0850387162658714
"1280",1280,2,26,8,"b_8",2,1.25792014686158,0.0344501978517033
"1281",1281,2,28,8,"r_8",1,1.83884661039338,1.23505269821672
"1282",1282,2,28,10,"b_10",2,1.96813697572465,0.478590084466006
"1283",1283,2,28,15,"b_15",2,1.92128008332968,0.454006358333667
"1284",1284,2,28,7,"r_7",1,2.1961321084739,0.431626831635244
"1285",1285,2,28,2,"b_2",2,2.18797441697513,0.486677336124783
"1286",1286,2,28,1,"r_1",1,2.11546366411494,0.559703759763777
"1287",1287,2,28,12,"b_12",2,1.63104596413073,0.352407646151998
"1288",1288,2,28,16,"b_16",2,0.841598883038387,0.0563931072515349
"1289",1289,2,28,3,"b_3",2,1.96421073922493,0.347810560810171
"1290",1290,2,28,13,"b_13",2,1.6639993624296,0.168205691659694
"1291",1291,2,28,12,"r_12",1,1.16348022284607,0.0282704932530237
"1292",1292,2,28,6,"r_6",1,1.72908665858267,0.219022544346068
"1293",1293,2,28,9,"r_9",1,2.20646748826506,1.23740961288968
"1294",1294,2,28,5,"r_5",1,1.92594470412587,0.491208526143215
"1295",1295,2,28,15,"r_15",1,1.84091994726461,0.332690952266548
"1296",1296,2,28,5,"b_5",2,2.05437944891552,1.31009347083342
"1297",1297,2,28,11,"b_11",2,2.03738706767432,0.210650853586652
"1298",1298,2,28,2,"r_2",1,2.61494976378834,0.707081842599439
"1299",1299,2,28,4,"r_4",1,1.74331083433935,0.103072394406397
"1300",1300,2,28,6,"b_6",2,1.80443991718736,0.100641814629496
"1301",1301,2,28,1,"b_1",2,2.62590599989441,0.444290726087068
"1302",1302,2,28,11,"r_11",1,2.03571885435376,0.578679861850705
"1303",1303,2,28,14,"b_14",2,2.03445847518742,0.394986993734991
"1304",1304,2,28,7,"b_7",2,1.8942402536195,0.198050106110411
"1305",1305,2,28,14,"r_14",1,1.54507048525071,0.661543035339856
"1306",1306,2,28,9,"b_9",2,1.62372040147117,0.112090041130191
"1307",1307,2,28,16,"r_16",1,1.26145546351715,0.0741726672881824
"1308",1308,2,28,10,"r_10",1,1.77438181465758,0.250737397407065
"1309",1309,2,28,13,"r_13",1,1.44447870791191,0.210917996804168
"1310",1310,2,28,4,"b_4",2,1.54889293604841,0.140889099576017
"1311",1311,2,28,3,"r_3",1,1.85041031097353,0.313436951308427
"1312",1312,2,28,8,"b_8",2,1.66374684875232,0.112486164669979
"1313",1313,2,30,8,"r_8",1,3.85250091697976,9.47892362300301
"1314",1314,2,30,10,"b_10",2,2.68825146805166,2.30053975493673
"1315",1315,2,30,15,"b_15",2,3.2472229541454,2.15207929861308
"1316",1316,2,30,7,"r_7",1,3.68052446625661,1.55654288273655
"1317",1317,2,30,2,"b_2",2,3.58333883215932,2.17280584334379
"1318",1318,2,30,1,"r_1",1,4.60191222711001,4.80323427755498
"1319",1319,2,30,12,"b_12",2,4.35501373417875,5.77880342996252
"1320",1320,2,30,16,"b_16",2,4.23116628588468,6.21963382197545
"1321",1321,2,30,3,"b_3",2,4.22611971793716,5.77517978358632
"1322",1322,2,30,13,"b_13",2,3.29796769778865,5.28547807265723
"1323",1323,2,30,12,"r_12",1,3.90862215396815,1.72804265842795
"1324",1324,2,30,6,"r_6",1,3.59854303360529,8.51639486357545
"1325",1325,2,30,9,"r_9",1,2.89775000068281,2.70577128004138
"1326",1326,2,30,5,"r_5",1,3.6354589770507,3.57074410775737
"1327",1327,2,30,15,"r_15",1,2.52450190605374,4.06679363699067
"1328",1328,2,30,5,"b_5",2,3.01564270531526,1.39559547444506
"1329",1329,2,30,11,"b_11",2,2.97873065549021,1.38158641734612
"1330",1330,2,30,2,"r_2",1,3.77390447222472,3.94880387929346
"1331",1331,2,30,4,"r_4",1,3.54736789023445,1.57173727144363
"1332",1332,2,30,6,"b_6",2,3.21729398357274,2.60802905324811
"1333",1333,2,30,1,"b_1",2,3.00804187975536,2.42559702931297
"1334",1334,2,30,11,"r_11",1,3.12874914557809,2.40518841626298
"1335",1335,2,30,14,"b_14",2,3.1139815044848,0.729557152814341
"1336",1336,2,30,7,"b_7",2,2.64072794678214,0.721701498042376
"1337",1337,2,30,14,"r_14",1,2.27094784192741,2.42315274218976
"1338",1338,2,30,9,"b_9",2,5.27570228341834,9.60736709198589
"1339",1339,2,30,16,"r_16",1,3.36055740182443,1.24826494742946
"1340",1340,2,30,10,"r_10",1,3.12345234259265,1.73962645937352
"1341",1341,2,30,13,"r_13",1,2.9694524386044,2.75143377185671
"1342",1342,2,30,4,"b_4",2,4.46593879498929,5.81842680732835
"1343",1343,2,30,3,"r_3",1,3.86854216477756,3.1796859524416
"1344",1344,2,30,8,"b_8",2,4.21571005488058,11.5126184962779
"1346",1346,2,30,10,"b_10",2,0.922945125959814,0.0148565590049678
"1347",1347,2,30,15,"b_15",2,4.12116894067731,10.9327572696241
"1348",1348,2,30,7,"r_7",1,2.3795921743537,3.02873699235748
"1349",1349,2,30,2,"b_2",2,3.9353567614841,10.7005886891304
"1350",1350,2,30,1,"r_1",1,1.16790583931531,0.0111785924245449
"1351",1351,2,30,12,"b_12",2,4.47863485328853,2.6323114155119
"1352",1352,2,30,16,"b_16",2,2.4341097958968,0.102699031742792
"1353",1353,2,30,3,"b_3",2,4.15621151767361,5.14018802199964
"1354",1354,2,30,13,"b_13",2,1.17211506694245,0.0412600133645734
"1355",1355,2,30,12,"r_12",1,2.72833501489367,0.305507541381161
"1356",1356,2,30,6,"r_6",1,2.41702651823871,0.657808163132325
"1357",1357,2,30,9,"r_9",1,0.922165580481912,0.0150216791131664
"1358",1358,2,30,5,"r_5",1,1.19403028713229,0.0664482466050548
"1359",1359,2,30,15,"r_15",1,2.12987196495357,0.457323830045414
"1360",1360,2,30,5,"b_5",2,3.37329346411085,2.54374827707144
"1361",1361,2,30,11,"b_11",2,2.52808062161785,0.965990405881321
"1362",1362,2,30,2,"r_2",1,1.68462627893314,0.0703993727543895
"1363",1363,2,30,4,"r_4",1,1.65763727140923,0.114051910549748
"1364",1364,2,30,6,"b_6",2,2.19473178713815,0.0645575537945052
"1365",1365,2,30,1,"b_1",2,1.76642597676255,0.420971643462115
"1366",1366,2,30,11,"r_11",1,2.26654056496918,0.32697219224896
"1367",1367,2,30,14,"b_14",2,1.26599513343535,0.0220727957337312
"1368",1368,2,30,7,"b_7",2,1.20822138463457,0.00839751550997895
"1369",1369,2,30,14,"r_14",1,1.57664746697992,0.604340525058499
"1370",1370,2,30,9,"b_9",2,1.66378245029288,0.183737832059357
"1371",1371,2,30,16,"r_16",1,2.69985644621775,1.91486094142022
"1372",1372,2,30,10,"r_10",1,1.1325106920364,0.0827621524073287
"1373",1373,2,30,13,"r_13",1,1.1984082343212,0.0946698170234398
"1374",1374,2,30,4,"b_4",2,1.35282038043564,0.123392633008951
"1375",1375,2,30,3,"r_3",1,2.23485415265895,2.66240696691835
"1376",1376,2,30,8,"b_8",2,2.28630063519813,2.20851469557687
"1377",1377,3,1,8,"r_8",1,1.14728868797991,0.13286438692342
"1378",1378,3,1,10,"b_10",2,0.917723993794061,0.0985138986316731
"1379",1379,3,1,15,"b_15",2,1.00305517572754,0.0137487378397556
"1380",1380,3,1,7,"r_7",1,1.75088860566676,0.686597126211377
"1381",1381,3,1,2,"b_2",2,3.79133954178542,6.99451143095696
"1382",1382,3,1,1,"r_1",1,2.74225063136228,2.29092013649569
"1383",1383,3,1,12,"b_12",2,1.53669133775402,0.707510859967871
"1384",1384,3,1,16,"b_16",2,1.1402526589809,0.122888845150581
"1385",1385,3,1,3,"b_3",2,2.35455253627879,1.93815766177321
"1386",1386,3,1,13,"b_13",2,1.39513205430315,1.44847018522011
"1387",1387,3,1,12,"r_12",1,3.56263170933484,1.91407973310434
"1388",1388,3,1,6,"r_6",1,2.31079951518173,0.711265919981188
"1389",1389,3,1,9,"r_9",1,2.00121269521252,1.63222795142226
"1390",1390,3,1,5,"r_5",1,2.25561829135081,7.25845398291398
"1391",1391,3,1,15,"r_15",1,2.85021064019141,4.32565836299487
"1392",1392,3,1,5,"b_5",2,2.50295224084249,5.86608297471292
"1393",1393,3,1,11,"b_11",2,1.82643557953027,0.494137635112429
"1394",1394,3,1,2,"r_2",1,3.24225226039363,5.28929276737752
"1395",1395,3,1,4,"r_4",1,1.96534884480449,0.827868606312674
"1396",1396,3,1,6,"b_6",2,4.17606500698215,4.3617987480321
"1397",1397,3,1,1,"b_1",2,1.48264870440794,0.242179510874766
"1398",1398,3,1,11,"r_11",1,3.54976997152698,6.26665957909308
"1399",1399,3,1,14,"b_14",2,1.83363673467344,4.08419682241047
"1400",1400,3,1,7,"b_7",2,2.070706812141,2.33563159067312
"1401",1401,3,1,14,"r_14",1,1.50001884879182,0.977800329269853
"1402",1402,3,1,9,"b_9",2,2.45318353714036,2.61457289168392
"1403",1403,3,1,16,"r_16",1,2.93952638442473,15.6221177355091
"1404",1404,3,1,10,"r_10",1,0.787689103434483,0.00595320517219351
"1405",1405,3,1,13,"r_13",1,2.05604896200303,2.55681443303373
"1406",1406,3,1,4,"b_4",2,1.78116850401275,0.597584177313899
"1407",1407,3,1,3,"r_3",1,2.25500584691297,1.62369594184202
"1408",1408,3,1,8,"b_8",2,1.38292295647423,0.197463935904625
"1409",1409,3,3,8,"r_8",1,1.22813842499454,0.111239628048215
"1410",1410,3,3,10,"b_10",2,0.655132866658581,0.00264937491844925
"1411",1411,3,3,15,"b_15",2,1.14772426665877,0.109470255489775
"1412",1412,3,3,7,"r_7",1,0.933615800002978,0.00791290162441582
"1413",1413,3,3,2,"b_2",2,2.06808379998984,0.0426209541395541
"1414",1414,3,3,1,"r_1",1,0.940076466659472,0.0297547022063309
"1415",1415,3,3,12,"b_12",2,0.94351036666194,0.0530984943902545
"1416",1416,3,3,16,"b_16",2,1.53229196667477,0.00777529556576462
"1417",1417,3,3,3,"b_3",2,2.01926366667612,0.000173103474218171
"1418",1418,3,3,13,"b_13",2,1.11116063334824,0.0114076345898728
"1419",1419,3,3,12,"r_12",1,0.919164933332164,0.000334520495717258
"1420",1420,3,3,6,"r_6",1,1.62935086666645,0.249274346243118
"1421",1421,3,3,9,"r_9",1,0.806293800007552,0.00169753792418668
"1422",1422,3,3,5,"r_5",1,0.976325533343091,0.0218995298817284
"1423",1423,3,3,15,"r_15",1,1.25840613333276,0.00262951791416042
"1424",1424,3,3,5,"b_5",2,1.07361343333226,0.0212733737741399
"1425",1425,3,3,11,"b_11",2,1.23417533333607,0.0685910440654911
"1426",1426,3,3,2,"r_2",1,1.53048673332281,0.0782684183735516
"1427",1427,3,3,4,"r_4",1,0.994234833332788,0.00934521649287187
"1428",1428,3,3,6,"b_6",2,1.98483873334286,0.65551419605655
"1429",1429,3,3,1,"b_1",2,1.41787603333554,0.192237308576264
"1430",1430,3,3,11,"r_11",1,0.899409833335085,0.00349931114518426
"1431",1431,3,3,14,"b_14",2,1.2752565999981,0.0193276483612223
"1432",1432,3,3,7,"b_7",2,0.826392033331407,0.000871268940327797
"1433",1433,3,3,14,"r_14",1,1.13942469999893,0.00173188622700142
"1434",1434,3,3,9,"b_9",2,1.62822966667591,0.287729950293016
"1435",1435,3,3,16,"r_16",1,2.00804266667304,0.611647745069711
"1436",1436,3,3,10,"r_10",1,0.663726366668319,0.000350672081938357
"1437",1437,3,3,13,"r_13",1,0.787007399999614,0.0292045083252223
"1438",1438,3,3,4,"b_4",2,0.834568766663627,0.00374363036383542
"1439",1439,3,3,3,"r_3",1,1.88861449999968,0.205719617228657
"1440",1440,3,3,8,"b_8",2,2.54530119999739,0.330814649607738
"1441",1441,3,4,8,"r_8",1,1.84759190725163,3.18254957266707
"1442",1442,3,4,10,"b_10",2,1.27757502975874,0.266990580103935
"1443",1443,3,4,15,"b_15",2,1.25325801844398,0.0454308146215379
"1444",1444,3,4,7,"r_7",1,2.38814775529318,1.62000984208921
"1445",1445,3,4,2,"b_2",2,3.41578052612022,1.14910039256629
"1446",1446,3,4,1,"r_1",1,3.01886739217055,1.15514522260455
"1447",1447,3,4,12,"b_12",2,1.53334498389934,0.0103835440555462
"1448",1448,3,4,16,"b_16",2,2.4088479570734,0.358406895674093
"1449",1449,3,4,3,"b_3",2,2.72693004785106,1.6398708603883
"1450",1450,3,4,13,"b_13",2,0.946536548590908,0.0686511761114629
"1451",1451,3,4,12,"r_12",1,2.20131529029459,0.302834575038755
"1452",1452,3,4,6,"r_6",1,3.46604631709245,2.10350978247206
"1453",1453,3,4,9,"r_9",1,1.38401861457775,0.0311684004834189
"1454",1454,3,4,5,"r_5",1,1.54400950336518,0.0142392552892595
"1455",1455,3,4,15,"r_15",1,1.21075831602017,0.0627414936592237
"1456",1456,3,4,5,"b_5",2,1.28728747585167,0.0375066629168922
"1457",1457,3,4,11,"b_11",2,1.21498325560242,0.0113542087520777
"1458",1458,3,4,2,"r_2",1,3.92973731058495,8.66334680546129
"1459",1459,3,4,4,"r_4",1,5.42106155268848,2.78989192498084
"1460",1460,3,4,6,"b_6",2,3.11355478138042,1.04981056853537
"1461",1461,3,4,1,"b_1",2,2.64809292911862,2.13184319786053
"1462",1462,3,4,11,"r_11",1,1.17482505304118,0.181809780945777
"1463",1463,3,4,14,"b_14",2,1.52122871746542,0.595533783192469
"1464",1464,3,4,7,"b_7",2,2.49167767932106,2.05721456900953
"1465",1465,3,4,14,"r_14",1,2.19725680428868,1.1989929370868
"1466",1466,3,4,9,"b_9",2,2.02290778793395,1.5164244315079
"1467",1467,3,4,16,"r_16",1,5.52131225708096,13.8972930100493
"1468",1468,3,4,10,"r_10",1,2.41821247750583,1.63053703654322
"1469",1469,3,4,13,"r_13",1,1.54097044592102,0.656609105873286
"1470",1470,3,4,4,"b_4",2,3.87341035704594,3.50147746443673
"1471",1471,3,4,3,"r_3",1,4.47678456323532,8.56881841315021
"1472",1472,3,4,8,"b_8",2,1.49126602313481,0.018997238987139
"1473",1473,3,7,8,"r_8",1,6.80168563329304,9.72952920631452
"1474",1474,3,7,10,"b_10",2,0.873493733311382,0.0625578016094458
"1475",1475,3,7,15,"b_15",2,5.5425247666426,23.3445271914471
"1476",1476,3,7,7,"r_7",1,1.48072549995656,0.329264104031243
"1477",1477,3,7,2,"b_2",2,1.15459496663728,0.104034770087258
"1478",1478,3,7,1,"r_1",1,2.18489016666232,0.628331463239048
"1479",1479,3,7,12,"b_12",2,7.70021909995315,85.293677387946
"1480",1480,3,7,16,"b_16",2,1.56326640001498,0.0822832435790617
"1481",1481,3,7,3,"b_3",2,1.58878773334436,1.42475969218336
"1482",1482,3,7,13,"b_13",2,0.754842966639747,0.0042313755044225
"1483",1483,3,7,12,"r_12",1,2.16515306666649,1.03977001268516
"1484",1484,3,7,6,"r_6",1,1.87955213338137,0.365067408442749
"1485",1485,3,7,9,"r_9",1,3.51143890002277,2.90756434518601
"1486",1486,3,7,5,"r_5",1,2.90940818747913,4.73056211641427
"1487",1487,3,7,15,"r_15",1,2.68462727498263,4.62767523195774
"1488",1488,3,7,5,"b_5",2,4.39574331999756,17.5962730274656
"1489",1489,3,7,11,"b_11",2,1.68823239998892,0.519354972567514
"1490",1490,3,7,2,"r_2",1,1.89598160000363,0.333976400096728
"1491",1491,3,7,4,"r_4",1,1.266560533278,0.00381179852503583
"1492",1492,3,7,6,"b_6",2,2.37092977497377,0.478283817686735
"1493",1493,3,7,1,"b_1",2,1.45779719999215,0.522557186024759
"1494",1494,3,7,11,"r_11",1,3.3227028666685,5.72413506729615
"1495",1495,3,7,14,"b_14",2,4.33963455000776,1.67324111281996
"1496",1496,3,7,7,"b_7",2,1.41730243328493,0.0661390554483018
"1497",1497,3,7,14,"r_14",1,1.55316890000055,1.1934111720574
"1498",1498,3,7,9,"b_9",2,2.71121813333593,2.28360287421933
"1499",1499,3,7,16,"r_16",1,1.30733203329146,0.0506699495492783
"1500",1500,3,7,10,"r_10",1,0.704140499971497,0.00122186206938175
"1501",1501,3,7,13,"r_13",1,0.730331666689987,0.00354987875353296
"1502",1502,3,7,4,"b_4",2,1.79923523333855,0.0182330768397672
"1503",1503,3,7,3,"r_3",1,0.932829066684159,0.0168465014045312
"1504",1504,3,7,8,"b_8",2,4.46266148332506,10.2669718699376
"1505",1505,3,23,8,"r_8",1,1.30638596688264,0.0883594599809027
"1506",1506,3,23,10,"b_10",2,1.46188985164432,1.28335569645258
"1507",1507,3,23,15,"b_15",2,5.68682088646003,12.7200191333441
"1508",1508,3,23,7,"r_7",1,2.27522120760599,1.27057695604617
"1509",1509,3,23,2,"b_2",2,2.47354234599819,1.26698955590007
"1510",1510,3,23,1,"r_1",1,2.39735407529709,0.3733025066234
"1511",1511,3,23,12,"b_12",2,2.56897591341597,0.461039182198503
"1512",1512,3,23,16,"b_16",2,2.45439340387072,2.41133594840622
"1513",1513,3,23,3,"b_3",2,4.12150247119522,4.2306149607915
"1514",1514,3,23,13,"b_13",2,0.87828557631777,0.0116808583302007
"1515",1515,3,23,12,"r_12",1,2.84868606526612,3.86915880885949
"1516",1516,3,23,6,"r_6",1,3.3994707477146,1.52758646092577
"1517",1517,3,23,9,"r_9",1,2.30355770715202,0.921439125999161
"1518",1518,3,23,5,"r_5",1,2.05854067086641,0.502132252898717
"1519",1519,3,23,15,"r_15",1,2.550181103072,0.561075322981173
"1520",1520,3,23,5,"b_5",2,2.37617555128721,0.699870057880447
"1521",1521,3,23,11,"b_11",2,3.60134656380978,3.00012075471256
"1522",1522,3,23,2,"r_2",1,2.0283828037791,0.313581550430519
"1523",1523,3,23,4,"r_4",1,2.59242146438919,0.726466579312887
"1524",1524,3,23,6,"b_6",2,3.04284672811627,0.553530396392004
"1525",1525,3,23,1,"b_1",2,1.89064588735346,0.155718631680735
"1526",1526,3,23,11,"r_11",1,3.19964563420841,0.615795326658623
"1527",1527,3,23,14,"b_14",2,3.28976685905945,0.495763963006419
"1528",1528,3,23,7,"b_7",2,2.02494048152585,0.195843032017454
"1529",1529,3,23,14,"r_14",1,2.73495757416822,0.709768667135361
"1530",1530,3,23,9,"b_9",2,3.77092015362966,2.68980589073112
"1531",1531,3,23,16,"r_16",1,3.1074020138185,0.855058306690192
"1532",1532,3,23,10,"r_10",1,2.79314825776964,9.4089445466796
"1533",1533,3,23,13,"r_13",1,0.829607042600401,0.0158716272842599
"1534",1534,3,23,4,"b_4",2,2.54816987058924,0.974947867918486
"1535",1535,3,23,3,"r_3",1,2.52340442326386,0.140229083419678
"1536",1536,3,23,8,"b_8",2,2.61437180036834,0.477766332858995
"1537",1537,3,25,8,"r_8",1,8.90250986000756,228.305529039859
"1538",1538,3,25,10,"b_10",2,2.30607223332239,3.84869406237763
"1540",1540,3,25,7,"r_7",1,1.73036929998974,0.0233880284644431
"1541",1541,3,25,2,"b_2",2,2.26090863333472,0.750162569679404
"1542",1542,3,25,1,"r_1",1,3.69708643332706,1.8766908740922
"1543",1543,3,25,12,"b_12",2,4.15611832499417,12.733039351703
"1544",1544,3,25,16,"b_16",2,3.1572120750061,1.2668544692742
"1545",1545,3,25,3,"b_3",2,5.12899031999987,30.20889650235
"1546",1546,3,25,13,"b_13",2,3.47324754999863,10.6657939728017
"1547",1547,3,25,12,"r_12",1,4.01825182000175,5.54714194489125
"1548",1548,3,25,6,"r_6",1,3.62466847143202,13.3064002699922
"1549",1549,3,25,9,"r_9",1,3.73065416665243,3.62077403884845
"1550",1550,3,25,5,"r_5",1,3.33334289999766,2.08421480618491
"1551",1551,3,25,15,"r_15",1,3.93266327499805,5.73161118914352
"1552",1552,3,25,5,"b_5",2,3.24864668000373,1.37088304404344
"1553",1553,3,25,11,"b_11",2,7.08937179998611,2.62932086818689
"1554",1554,3,25,2,"r_2",1,2.22745290000845,0.509846472170526
"1555",1555,3,25,4,"r_4",1,1.72501075000037,0.464574109795595
"1557",1557,3,25,1,"b_1",2,3.44335080000747,2.34867548357078
"1558",1558,3,25,11,"r_11",1,5.11470492500302,8.34842900540183
"1559",1559,3,25,14,"b_14",2,3.15241556666054,4.53992616336861
"1560",1560,3,25,7,"b_7",2,1.22129746666178,0.0169017671851413
"1561",1561,3,25,14,"r_14",1,1.77427199999996,0.13951940210612
"1562",1562,3,25,9,"b_9",2,3.45963724999456,5.01368615731278
"1563",1563,3,25,16,"r_16",1,1.83144908333876,0.189592384345104
"1564",1564,3,25,10,"r_10",1,0.839196499999768,0.00262044253303418
"1565",1565,3,25,13,"r_13",1,1.53414607501327,0.293090494954999
"1566",1566,3,25,4,"b_4",2,2.12081443333106,0.023627845705294
"1567",1567,3,25,3,"r_3",1,3.50914205998997,1.26012565806442
"1568",1568,3,25,8,"b_8",2,3.38467322499855,7.40176872097705
"1569",1569,3,26,8,"r_8",1,1.16078492005666,0.0997140721222814
"1570",1570,3,26,10,"b_10",2,0.70805983255074,0.00102419781346061
"1571",1571,3,26,15,"b_15",2,1.47978995047743,0.155016080538326
"1572",1572,3,26,7,"r_7",1,1.36152280343231,0.0950787227437757
"1573",1573,3,26,2,"b_2",2,1.79130902225152,0.104776392456632
"1574",1574,3,26,1,"r_1",1,0.886708201471871,0.0260177987093512
"1575",1575,3,26,12,"b_12",2,1.2228474211491,0.183739993421191
"1576",1576,3,26,16,"b_16",2,1.52623594156466,0.116351807301712
"1577",1577,3,26,3,"b_3",2,1.49750709238773,0.0149377686959617
"1578",1578,3,26,13,"b_13",2,0.759221437367766,7.27153131962537e-05
"1579",1579,3,26,12,"r_12",1,1.23309243872063,0.00212862103472558
"1580",1580,3,26,6,"r_6",1,1.32608906002133,0.0706744563596915
"1581",1581,3,26,9,"r_9",1,0.883463280314269,0.00464121067255998
"1582",1582,3,26,5,"r_5",1,0.837679083885935,0.00491012278827104
"1583",1583,3,26,15,"r_15",1,1.53758406394627,0.00124114276255692
"1584",1584,3,26,5,"b_5",2,1.28038273844868,0.163749803766732
"1585",1585,3,26,11,"b_11",2,1.25457089951184,0.00765875527061479
"1586",1586,3,26,2,"r_2",1,2.14321820926853,0.0381017737283268
"1587",1587,3,26,4,"r_4",1,1.1599307419383,0.00290210299205092
"1588",1588,3,26,6,"b_6",2,1.48361304596377,0.122421180271804
"1589",1589,3,26,1,"b_1",2,0.927292696859998,0.00505803338455148
"1590",1590,3,26,11,"r_11",1,1.19198483321816,0.00857079401939748
"1591",1591,3,26,14,"b_14",2,0.994988359181055,0.00228050666149819
"1592",1592,3,26,7,"b_7",2,1.42108477434764,0.0460251535387865
"1593",1593,3,26,14,"r_14",1,1.20880752278026,0.256740739060256
"1594",1594,3,26,9,"b_9",2,1.47934090398485,0.0379745792132308
"1595",1595,3,26,16,"r_16",1,1.01173596109341,0.00464546808123316
"1596",1596,3,26,10,"r_10",1,0.723557112525062,0.00188001204617447
"1597",1597,3,26,13,"r_13",1,0.800531096717653,0.00179310468367189
"1598",1598,3,26,4,"b_4",2,1.35904844014052,0.000136436804068116
"1599",1599,3,26,3,"r_3",1,1.40053648938192,0.00465525675837048
"1600",1600,3,26,8,"b_8",2,1.08368032899064,0.0176657545074932
"1601",1601,3,28,8,"r_8",1,1.66644413439402,0.500129816127499
"1602",1602,3,28,10,"b_10",2,1.79774671276876,0.273278445664671
"1603",1603,3,28,15,"b_15",2,2.75211225262943,0.689482749374162
"1604",1604,3,28,7,"r_7",1,2.9194719841568,2.07472064314223
"1605",1605,3,28,2,"b_2",2,2.84503575533163,1.78925218066162
"1606",1606,3,28,1,"r_1",1,2.58641601977676,1.40818210994171
"1607",1607,3,28,12,"b_12",2,2.35612482558936,0.591937762978063
"1608",1608,3,28,16,"b_16",2,1.01360143239435,0.161255183500226
"1609",1609,3,28,3,"b_3",2,2.472857819614,0.396339842997605
"1610",1610,3,28,13,"b_13",2,1.96345842469018,0.502767374079392
"1611",1611,3,28,12,"r_12",1,1.70340351518244,0.462724984330972
"1612",1612,3,28,6,"r_6",1,2.1537485312567,0.308493222162238
"1613",1613,3,28,9,"r_9",1,2.47832744919773,0.11447828985522
"1614",1614,3,28,5,"r_5",1,2.7390510607095,1.1605891752619
"1615",1615,3,28,15,"r_15",1,2.97539364508438,0.805015821383138
"1616",1616,3,28,5,"b_5",2,2.93714885178876,0.407582043144548
"1617",1617,3,28,11,"b_11",2,3.47803824824514,1.22520175542223
"1618",1618,3,28,2,"r_2",1,2.81361531429734,0.563620452367807
"1619",1619,3,28,4,"r_4",1,2.67624198270884,1.37609562880383
"1620",1620,3,28,6,"b_6",2,1.93490987672703,0.742141317079071
"1621",1621,3,28,1,"b_1",2,2.67684101091581,1.33562424731216
"1622",1622,3,28,11,"r_11",1,3.04240584698273,0.853191992005153
"1623",1623,3,28,14,"b_14",2,2.47537298050399,0.739722429139145
"1624",1624,3,28,7,"b_7",2,2.63064141761944,1.73778826505199
"1625",1625,3,28,14,"r_14",1,1.97075919005147,0.530739269758114
"1626",1626,3,28,9,"b_9",2,2.14196455955971,0.444749302034759
"1627",1627,3,28,16,"r_16",1,2.27923398381487,0.210068299902002
"1628",1628,3,28,10,"r_10",1,2.24902974904398,0.444080190929382
"1629",1629,3,28,13,"r_13",1,1.87115862181527,0.241579198766451
"1630",1630,3,28,4,"b_4",2,2.61859161639586,1.16090738383311
"1631",1631,3,28,3,"r_3",1,2.7589998152301,0.72690101958094
"1632",1632,3,28,8,"b_8",2,1.59285842033569,0.0102686244143742
"1633",1633,3,30,8,"r_8",1,2.14871880113302,2.13396730471703
"1634",1634,3,30,10,"b_10",2,3.34357951703714,8.35313170569588
"1635",1635,3,30,15,"b_15",2,3.98817385252499,8.66342788335053
"1636",1636,3,30,7,"r_7",1,3.2254744055875,5.03100654358221
"1637",1637,3,30,2,"b_2",2,3.0790556166956,1.03940820204286
"1638",1638,3,30,1,"r_1",1,4.78469057548015,11.3958481036936
"1639",1639,3,30,12,"b_12",2,3.30630533159193,1.05927589663237
"1640",1640,3,30,16,"b_16",2,3.94950638204214,2.72910051396607
"1641",1641,3,30,3,"b_3",2,3.46220745426641,4.50164461761118
"1642",1642,3,30,13,"b_13",2,4.15937771056391,10.783038150287
"1643",1643,3,30,12,"r_12",1,2.26090962800663,0.238349299446755
"1644",1644,3,30,6,"r_6",1,5.19263134484128,13.9082101762629
"1645",1645,3,30,9,"r_9",1,1.15825185199113,0.00283515963276098
"1646",1646,3,30,5,"r_5",1,2.23299983070077,0.385067655061754
"1647",1647,3,30,15,"r_15",1,3.11296752567234,1.97124351433517
"1648",1648,3,30,5,"b_5",2,3.08030864063767,1.12465192510534
"1649",1649,3,30,11,"b_11",2,3.32599170213299,3.18118537425765
"1650",1650,3,30,2,"r_2",1,2.76292443063317,0.298995516452157
"1651",1651,3,30,4,"r_4",1,3.75519357380524,5.09534722188686
"1652",1652,3,30,6,"b_6",2,2.85732941806782,0.132777482951899
"1653",1653,3,30,1,"b_1",2,3.32912786002271,0.00833871883702944
"1654",1654,3,30,11,"r_11",1,3.27364796090923,4.1423162914051
"1655",1655,3,30,14,"b_14",2,2.8951987863984,0.985259707393327
"1656",1656,3,30,7,"b_7",2,2.48263349430636,0.176220828366933
"1657",1657,3,30,14,"r_14",1,1.32924640745235,0.147630999287935
"1658",1658,3,30,9,"b_9",2,2.36376372882764,0.375775690640667
"1659",1659,3,30,16,"r_16",1,2.6825870538208,1.02260599327216
"1660",1660,3,30,10,"r_10",1,4.03885270270985,0.214716785225978
"1661",1661,3,30,13,"r_13",1,3.05365485379783,0.323377951681268
"1662",1662,3,30,4,"b_4",2,2.44976940526006,0.668253662000799
"1663",1663,3,30,3,"r_3",1,3.25916813139338,2.6790644998455
"1664",1664,3,30,8,"b_8",2,2.76460794724214,2.49946733598763
