family,region,neural_condition,behavior_task,behavior_definition,behavior_variable,n,r,p_parametric,p_permutation,p_fwe_max,survives_fwe_05
representational_warping,HC_bilateral,congruent,rbCue,adjusted,rbCue_adjusted_congruent,24,-0.5707953684,0.003581080796,0.0030099699,0.331496685,False
representational_warping,HCr,congruent,wCue,raw,wCue_raw_congruent,24,0.5364147999,0.006887816335,0.006169938301,0.516304837,False
representational_warping,Amy_bilateral,congruent,rbCue,adjusted,rbCue_adjusted_congruent,24,-0.5011999793,0.01259737622,0.0122798772,0.7131228688,False
representational_warping,HC_bilateral,congruent,wCue,raw,wCue_raw_congruent,24,0.4544451082,0.02568489324,0.0275097249,0.9058409416,False
representational_warping,Amyl,congruent,rbCue,adjusted,rbCue_adjusted_congruent,24,-0.4473057686,0.02840740104,0.0235897641,0.9247307527,False
representational_warping,HCl,congruent,rbCue,adjusted,rbCue_adjusted_congruent,24,-0.439421133,0.03167756177,0.0297897021,0.9426805732,False
representational_warping,Amy_bilateral,congruent,wCue,raw,wCue_raw_congruent,24,0.4378938975,0.03234433889,0.0330596694,0.945800542,False
representational_warping,HCr,congruent,rbCue,adjusted,rbCue_adjusted_congruent,24,-0.4274124602,0.03722737047,0.0366796332,0.9634503655,False
representational_warping,ECr,congruent,rbCue,adjusted,rbCue_adjusted_congruent,24,-0.4255955876,0.03813014761,0.0370496295,0.9660503395,False
representational_warping,mPFC,congruent,rbCue,adjusted,rbCue_adjusted_congruent,24,-0.4204562692,0.04077772453,0.0377696223,0.9722902771,False
representational_warping,HCl,congruent,rbCue,raw,rbCue_raw_congruent,24,0.415785866,0.04330736409,0.0430295697,0.9772902271,False
representational_warping,Amyr,congruent,wCue,raw,wCue_raw_congruent,24,0.3867583169,0.06190418584,0.05997940021,0.9950300497,False
representational_warping,Insula_bilateral,attention,wCue,raw,wCue_raw_attention,24,-0.3830349391,0.06467637108,0.06441935581,0.9960900391,False
representational_warping,Amyl,attention,rbCue,raw,rbCue_raw_attention,24,0.3820315729,0.06543945071,0.06496935031,0.9964200358,False
representational_warping,EC_bilateral,congruent,rbCue,adjusted,rbCue_adjusted_congruent,24,-0.3742104797,0.07162629875,0.07023929761,0.9977200228,False
representational_warping,Insula_bilateral,attention,rbCue,raw,rbCue_raw_attention,24,0.3706142037,0.07461629986,0.07472925271,0.9983300167,False
representational_warping,IPLl,attention,rbCue,adjusted,rbCue_adjusted_attention,24,0.3609735893,0.08309926395,0.08272917271,0.9992800072,False
representational_warping,Amyr,congruent,rbCue,adjusted,rbCue_adjusted_congruent,24,-0.3515837612,0.09204061122,0.09253907461,0.9996200038,False
representational_warping,precuneusr,congruent,wCue,raw,wCue_raw_congruent,24,0.3495446703,0.09407377174,0.09368906311,0.9996800032,False
representational_warping,Amyl,congruent,wCue,raw,wCue_raw_congruent,24,0.3492919844,0.09432803472,0.09748902511,0.9996900031,False
representational_warping,Insula_bilateral,congruent,rbCue,adjusted,rbCue_adjusted_congruent,24,-0.3478780363,0.09576026678,0.09400905991,0.9997400026,False
representational_warping,HC_bilateral,congruent,rbCue,raw,rbCue_raw_congruent,24,0.3469195609,0.09674029761,0.09620903791,0.9997700023,False
representational_warping,EC_bilateral,attention,wCue,raw,wCue_raw_attention,24,-0.3389541521,0.1051753815,0.1040289597,0.9998700013,False
representational_warping,Amyr,attention,rbCue,adjusted,rbCue_adjusted_attention,24,0.3338251283,0.1108866048,0.1113088869,0.9999300007,False
representational_warping,Insular,attention,wCue,raw,wCue_raw_attention,24,-0.3304833002,0.1147282262,0.1132788672,0.9999500005,False
representational_warping,Amyl,attention,wCue,raw,wCue_raw_attention,24,-0.3301978933,0.1150607714,0.1153788462,0.9999500005,False
representational_warping,HC_bilateral,congruent,wCue,adjusted,wCue_adjusted_congruent,24,-0.3280592416,0.1175751062,0.1177388226,0.9999700003,False
representational_warping,Insular,attention,rbCue,raw,rbCue_raw_attention,24,0.3257564713,0.1203269508,0.1231387686,0.9999700003,False
representational_warping,EC_bilateral,congruent,wCue,raw,wCue_raw_congruent,24,0.3217214119,0.1252614423,0.1268287317,0.9999800002,False
representational_warping,ECl,congruent,wCue,raw,wCue_raw_congruent,24,0.3181158624,0.1297932894,0.1292687073,0.9999800002,False
representational_warping,Insulal,attention,wCue,raw,wCue_raw_attention,24,-0.3165460636,0.1318029096,0.1311386886,0.9999800002,False
representational_warping,precuneus_bilateral,congruent,wCue,raw,wCue_raw_congruent,24,0.3084476135,0.142527345,0.1406285937,0.9999900001,False
representational_warping,Insular,congruent,rbCue,adjusted,rbCue_adjusted_congruent,24,-0.3086064634,0.1423111806,0.1425085749,0.9999900001,False
representational_warping,HCr,attention,wCue,raw,wCue_raw_attention,24,-0.3034427043,0.1494585699,0.150098499,1,False
representational_warping,Amy_bilateral,congruent,wCue,adjusted,wCue_adjusted_congruent,24,-0.3035370129,0.1493257938,0.1505484945,1,False
representational_warping,Insulal,attention,rbCue,raw,rbCue_raw_attention,24,0.3024958926,0.1507962207,0.1515884841,1,False
representational_warping,precuneus,congruent,wCue,raw,wCue_raw_congruent,24,0.2968381499,0.1589665163,0.1565284347,1,False
representational_warping,Insulal,congruent,rbCue,adjusted,rbCue_adjusted_congruent,24,-0.2988652858,0.1560041336,0.1570184298,1,False
representational_warping,HC_bilateral,attention,wCue,raw,wCue_raw_attention,24,-0.2903694565,0.168683745,0.1692883071,1,False
representational_warping,precuneusr,congruent,rbCue,adjusted,rbCue_adjusted_congruent,24,-0.2878180336,0.1726280492,0.1738482615,1,False
representational_warping,precuneus_bilateral,congruent,rbCue,adjusted,rbCue_adjusted_congruent,24,-0.2870078323,0.1738938609,0.1756882431,1,False
representational_warping,ECl,attention,wCue,raw,wCue_raw_attention,24,-0.2845297291,0.1778054734,0.1772282277,1,False
representational_warping,Amyl,congruent,wCue,adjusted,wCue_adjusted_congruent,24,-0.2862778228,0.1750398934,0.1789182108,1,False
representational_warping,precuneus,congruent,rbCue,adjusted,rbCue_adjusted_congruent,24,-0.284785719,0.1773986049,0.1790882091,1,False
representational_warping,ECr,attention,wCue,raw,wCue_raw_attention,24,-0.276107375,0.1915537986,0.1909480905,1,False
representational_warping,IPLr,congruent,wCue,raw,wCue_raw_congruent,24,0.2687012766,0.2042294227,0.1920180798,1,False
representational_warping,MFGl,congruent,rbCue,adjusted,rbCue_adjusted_congruent,24,-0.2726758702,0.1973581895,0.1989080109,1,False
representational_warping,IPL_bilateral,congruent,wCue,raw,wCue_raw_congruent,24,0.2660435125,0.2089133554,0.2016479835,1,False
representational_warping,IPL_bilateral,congruent,rbCue,adjusted,rbCue_adjusted_congruent,24,-0.271219623,0.1998572202,0.2044579554,1,False
representational_warping,IPLr,congruent,rbCue,adjusted,rbCue_adjusted_congruent,24,-0.2706527577,0.2008357875,0.2063779362,1,False
representational_warping,ECr,congruent,wCue,raw,wCue_raw_congruent,24,0.262918369,0.2145128836,0.216897831,1,False
representational_warping,mPFC,congruent,wCue,raw,wCue_raw_congruent,24,0.25553699,0.2281352258,0.2200077999,1,False
representational_warping,IPLr,attention,rbCue,raw,rbCue_raw_attention,24,0.2568207028,0.225725953,0.2258377416,1,False
representational_warping,HCl,congruent,wCue,adjusted,wCue_adjusted_congruent,24,-0.2549548441,0.229233389,0.2273877261,1,False
representational_warping,precuneusl,congruent,rbCue,adjusted,rbCue_adjusted_congruent,24,-0.2581423131,0.2232632595,0.228697713,1,False
representational_warping,precuneusl,congruent,wCue,raw,wCue_raw_congruent,24,0.2462715378,0.2460291449,0.2343576564,1,False
representational_warping,mPFC,attention,rbCue,raw,rbCue_raw_attention,24,0.2505902695,0.2375781133,0.2395676043,1,False
representational_warping,Amyl,congruent,rbCue,raw,rbCue_raw_congruent,24,0.2484780738,0.2416871783,0.2448275517,1,False
representational_warping,precuneusr,congruent,wCue,adjusted,wCue_adjusted_congruent,24,-0.24466572,0.2492207952,0.2493675063,1,False
representational_warping,HCr,congruent,wCue,adjusted,wCue_adjusted_congruent,24,-0.2423456287,0.2538794202,0.2540474595,1,False
representational_warping,ECl,attention,wCue,adjusted,wCue_adjusted_attention,24,0.2405574952,0.2575081027,0.2578074219,1,False
representational_warping,Insulal,congruent,wCue,adjusted,wCue_adjusted_congruent,24,0.2305087527,0.2785198668,0.2775672243,1,False
representational_warping,HCl,attention,wCue,raw,wCue_raw_attention,24,-0.2293707903,0.280965725,0.2790772092,1,False
representational_warping,ECl,congruent,rbCue,adjusted,rbCue_adjusted_congruent,24,-0.2266047374,0.2869672359,0.2830271697,1,False
representational_warping,precuneusr,attention,rbCue,raw,rbCue_raw_attention,24,-0.2272815264,0.2854914275,0.2860571394,1,False
representational_warping,precuneusr,attention,wCue,adjusted,wCue_adjusted_attention,24,0.2151713629,0.312620677,0.3110268897,1,False
representational_warping,HCr,attention,rbCue,raw,rbCue_raw_attention,24,0.2145482135,0.3140579651,0.3146468535,1,False
representational_warping,HCl,congruent,wCue,raw,wCue_raw_congruent,24,0.2073556967,0.3309390075,0.322396776,1,False
representational_warping,mPFC,attention,rbCue,adjusted,rbCue_adjusted_attention,24,-0.21237576,0.3191002468,0.3238267617,1,False
representational_warping,Amy_bilateral,attention,wCue,raw,wCue_raw_attention,24,-0.2105566221,0.3233601481,0.3241367586,1,False
representational_warping,IPLr,congruent,rbCue,raw,rbCue_raw_congruent,24,-0.2025239323,0.3425796093,0.3488865111,1,False
representational_warping,IPLl,congruent,rbCue,adjusted,rbCue_adjusted_congruent,24,-0.19958837,0.3497691995,0.3493665063,1,False
representational_warping,HCr,attention,wCue,adjusted,wCue_adjusted_attention,24,0.1958009853,0.3591753914,0.359396406,1,False
representational_warping,IPLl,congruent,wCue,raw,wCue_raw_congruent,24,0.1917006159,0.3695236853,0.3707262927,1,False
representational_warping,Insula_bilateral,congruent,wCue,adjusted,wCue_adjusted_congruent,24,0.1899436957,0.3740098839,0.3734262657,1,False
representational_warping,MFG_bilateral,congruent,rbCue,adjusted,rbCue_adjusted_congruent,24,-0.1888283803,0.3768739603,0.377496225,1,False
representational_warping,Amyr,congruent,wCue,adjusted,wCue_adjusted_congruent,24,-0.1834429857,0.3908793568,0.3862761372,1,False
representational_warping,MFGl,congruent,wCue,raw,wCue_raw_congruent,24,0.1785991114,0.4037236777,0.4011359886,1,False
representational_warping,IPL_bilateral,attention,rbCue,raw,rbCue_raw_attention,24,0.1788650311,0.4030125165,0.4070859291,1,False
representational_warping,Amy_bilateral,attention,rbCue,adjusted,rbCue_adjusted_attention,24,0.1720753931,0.4213879234,0.4155058449,1,False
representational_warping,Amy_bilateral,attention,rbCue,raw,rbCue_raw_attention,24,0.1739495207,0.416270723,0.4161258387,1,False
representational_warping,Insulal,attention,wCue,adjusted,wCue_adjusted_attention,24,0.1718345801,0.4220479276,0.4220157798,1,False
representational_warping,ECr,attention,rbCue,raw,rbCue_raw_attention,24,0.1687245234,0.4306222273,0.430895691,1,False
representational_warping,IPL_bilateral,attention,rbCue,adjusted,rbCue_adjusted_attention,24,0.1684454901,0.4313960752,0.4353056469,1,False
representational_warping,Insula_bilateral,attention,wCue,adjusted,wCue_adjusted_attention,24,0.1626065503,0.4477602234,0.4443355566,1,False
representational_warping,HC_bilateral,attention,rbCue,raw,rbCue_raw_attention,24,0.1584940079,0.4594797894,0.4587854121,1,False
representational_warping,EC_bilateral,congruent,wCue,adjusted,wCue_adjusted_congruent,24,-0.1541535733,0.4720198591,0.4719852801,1,False
representational_warping,Amy_bilateral,congruent,rbCue,raw,rbCue_raw_congruent,24,0.1532232911,0.4747301794,0.4747252527,1,False
representational_warping,IPL_bilateral,congruent,rbCue,raw,rbCue_raw_congruent,24,-0.1530466644,0.4752456662,0.4797052029,1,False
representational_warping,MFGl,attention,rbCue,raw,rbCue_raw_attention,24,0.1505321949,0.4826150412,0.4807151928,1,False
representational_warping,precuneus_bilateral,congruent,wCue,adjusted,wCue_adjusted_congruent,24,-0.1500003727,0.4841810589,0.4879151208,1,False
representational_warping,MFGr,congruent,wCue,adjusted,wCue_adjusted_congruent,24,0.1487258886,0.48794434,0.4905350946,1,False
representational_warping,IPLl,attention,wCue,raw,wCue_raw_attention,24,-0.1434023341,0.5038208506,0.5036349637,1,False
representational_warping,ECr,congruent,wCue,adjusted,wCue_adjusted_congruent,24,-0.1394795637,0.515679724,0.5148848512,1,False
representational_warping,IPLr,congruent,wCue,adjusted,wCue_adjusted_congruent,24,-0.1388509693,0.5175924532,0.5168348317,1,False
representational_warping,IPLr,attention,wCue,raw,wCue_raw_attention,24,0.1391347006,0.516728674,0.5191448086,1,False
representational_warping,ECl,congruent,wCue,adjusted,wCue_adjusted_congruent,24,-0.1362608221,0.5255097657,0.526204738,1,False
representational_warping,HC_bilateral,attention,wCue,adjusted,wCue_adjusted_attention,24,0.1281787964,0.5505781657,0.5519744803,1,False
representational_warping,ECr,congruent,rbCue,raw,rbCue_raw_congruent,24,0.1240218971,0.5636811291,0.5629243708,1,False
representational_warping,Insular,attention,rbCue,adjusted,rbCue_adjusted_attention,24,-0.1243528156,0.5626329438,0.5639343607,1,False
representational_warping,HCr,attention,rbCue,adjusted,rbCue_adjusted_attention,24,0.1233298743,0.5658759365,0.5665943341,1,False
representational_warping,precuneus,congruent,wCue,adjusted,wCue_adjusted_congruent,24,-0.1227841486,0.567609437,0.5717142829,1,False
representational_warping,mPFC,attention,wCue,raw,wCue_raw_attention,24,-0.1203525377,0.5753620415,0.5731642684,1,False
representational_warping,IPLr,attention,wCue,adjusted,wCue_adjusted_attention,24,-0.1195160393,0.5780397252,0.582404176,1,False
representational_warping,IPLl,attention,wCue,adjusted,wCue_adjusted_attention,24,0.1171690223,0.5855816117,0.5857441426,1,False
representational_warping,Insulal,attention,rbCue,adjusted,rbCue_adjusted_attention,24,0.116524675,0.587659558,0.5877841222,1,False
representational_warping,precuneusl,attention,rbCue,adjusted,rbCue_adjusted_attention,24,-0.1140501968,0.5956687719,0.6004239958,1,False
representational_warping,Amyl,attention,wCue,adjusted,wCue_adjusted_attention,24,0.1110612212,0.6054044557,0.6060639394,1,False
representational_warping,precuneus,attention,wCue,adjusted,wCue_adjusted_attention,24,0.1094207682,0.6107757318,0.6098839012,1,False
representational_warping,Amyr,congruent,rbCue,raw,rbCue_raw_congruent,24,-0.1067003511,0.61972608,0.6200537995,1,False
representational_warping,MFGl,attention,wCue,adjusted,wCue_adjusted_attention,24,-0.1042888738,0.6277041039,0.6240437596,1,False
representational_warping,precuneusl,attention,rbCue,raw,rbCue_raw_attention,24,0.1053492948,0.6241907997,0.625603744,1,False
representational_warping,MFG_bilateral,congruent,wCue,adjusted,wCue_adjusted_congruent,24,0.1053512513,0.624184325,0.6257237428,1,False
representational_warping,MFG_bilateral,attention,rbCue,adjusted,rbCue_adjusted_attention,24,-0.1020923028,0.6350065575,0.6399136009,1,False
representational_warping,MFG_bilateral,congruent,wCue,raw,wCue_raw_congruent,24,0.09503169249,0.6587011649,0.6585734143,1,False
representational_warping,ECl,attention,rbCue,adjusted,rbCue_adjusted_attention,24,0.09504455381,0.658657704,0.6592734073,1,False
representational_warping,EC_bilateral,attention,rbCue,raw,rbCue_raw_attention,24,0.09472337657,0.659743345,0.6617233828,1,False
representational_warping,MFG_bilateral,attention,wCue,adjusted,wCue_adjusted_attention,24,-0.09333617832,0.664439977,0.6631433686,1,False
representational_warping,precuneusl,congruent,rbCue,raw,rbCue_raw_congruent,24,0.09368649476,0.6632527464,0.6697833022,1,False
representational_warping,HCl,attention,rbCue,raw,rbCue_raw_attention,24,0.09054418309,0.6739299125,0.6745932541,1,False
representational_warping,MFGl,attention,rbCue,adjusted,rbCue_adjusted_attention,24,-0.09085599319,0.672867647,0.6762732373,1,False
representational_warping,Amyr,attention,wCue,adjusted,wCue_adjusted_attention,24,-0.09133242848,0.6712457137,0.676803232,1,False
representational_warping,precuneusr,attention,wCue,raw,wCue_raw_attention,24,-0.08475579383,0.6937575769,0.6933630664,1,False
representational_warping,Amyr,attention,rbCue,raw,rbCue_raw_attention,24,-0.0841661231,0.6957886955,0.6961130389,1,False
representational_warping,EC_bilateral,attention,wCue,adjusted,wCue_adjusted_attention,24,0.08370025653,0.6973948083,0.698803012,1,False
representational_warping,MFGr,attention,rbCue,adjusted,rbCue_adjusted_attention,24,-0.08352624075,0.6979950659,0.7031629684,1,False
representational_warping,MFGl,attention,wCue,raw,wCue_raw_attention,24,0.08182913923,0.703858287,0.70400296,1,False
representational_warping,IPL_bilateral,congruent,wCue,adjusted,wCue_adjusted_congruent,24,-0.08087138697,0.7071744378,0.7063629364,1,False
representational_warping,Insular,attention,wCue,adjusted,wCue_adjusted_attention,24,0.08103342378,0.7066130314,0.707102929,1,False
representational_warping,MFGr,attention,rbCue,raw,rbCue_raw_attention,24,-0.06971906722,0.7461552333,0.7464425356,1,False
representational_warping,precuneusl,attention,wCue,adjusted,wCue_adjusted_attention,24,-0.06730790612,0.7546667708,0.7539124609,1,False
representational_warping,precuneus_bilateral,attention,rbCue,adjusted,rbCue_adjusted_attention,24,-0.064520962,0.7645394184,0.7666623334,1,False
representational_warping,ECr,attention,wCue,adjusted,wCue_adjusted_attention,24,-0.06400380346,0.7663754052,0.7678223218,1,False
representational_warping,precuneusl,attention,wCue,raw,wCue_raw_attention,24,0.06187376274,0.7739501234,0.7697623024,1,False
representational_warping,mPFC,attention,wCue,adjusted,wCue_adjusted_attention,24,-0.06206182005,0.7732805486,0.7725822742,1,False
representational_warping,precuneusl,congruent,wCue,adjusted,wCue_adjusted_congruent,24,-0.06192627577,0.7737631359,0.7769822302,1,False
representational_warping,Insulal,congruent,wCue,raw,wCue_raw_congruent,24,-0.05646867159,0.7932599632,0.7873821262,1,False
representational_warping,HCl,attention,wCue,adjusted,wCue_adjusted_attention,24,0.05743551539,0.7897968674,0.7890921091,1,False
representational_warping,Insular,congruent,wCue,raw,wCue_raw_congruent,24,0.05642229779,0.7934261634,0.7891721083,1,False
representational_warping,HCl,attention,rbCue,adjusted,rbCue_adjusted_attention,24,-0.0581653177,0.7871853712,0.7898221018,1,False
representational_warping,precuneus_bilateral,congruent,rbCue,raw,rbCue_raw_congruent,24,0.05693852667,0.7915765319,0.7933920661,1,False
representational_warping,MFGr,congruent,rbCue,adjusted,rbCue_adjusted_congruent,24,-0.05702219671,0.7912768472,0.7939820602,1,False
representational_warping,precuneus_bilateral,attention,wCue,adjusted,wCue_adjusted_attention,24,0.05594487694,0.7951377097,0.794702053,1,False
representational_warping,HCr,congruent,rbCue,raw,rbCue_raw_congruent,24,0.05508870853,0.7982093528,0.7963920361,1,False
representational_warping,mPFC,congruent,wCue,adjusted,wCue_adjusted_congruent,24,-0.0552139001,0.7977600252,0.7982220178,1,False
representational_warping,MFGr,attention,wCue,adjusted,wCue_adjusted_attention,24,-0.05340455978,0.8042599549,0.804501955,1,False
representational_warping,ECl,congruent,rbCue,raw,rbCue_raw_congruent,24,-0.05331153054,0.8045945003,0.8061419386,1,False
representational_warping,Amyl,attention,rbCue,adjusted,rbCue_adjusted_attention,24,-0.0513064999,0.8118128507,0.8062819372,1,False
representational_warping,MFG_bilateral,attention,rbCue,raw,rbCue_raw_attention,24,0.05228248693,0.8082972843,0.8063519365,1,False
representational_warping,precuneus,attention,rbCue,raw,rbCue_raw_attention,24,-0.05036575518,0.8152048157,0.8150118499,1,False
representational_warping,precuneus,congruent,rbCue,raw,rbCue_raw_congruent,24,0.05102888003,0.8128135029,0.8151418486,1,False
representational_warping,IPLl,congruent,rbCue,raw,rbCue_raw_congruent,24,-0.04942752713,0.8185909178,0.8162318377,1,False
representational_warping,precuneus,attention,wCue,raw,wCue_raw_attention,24,-0.04834236135,0.8225112484,0.8216617834,1,False
representational_warping,EC_bilateral,congruent,rbCue,raw,rbCue_raw_congruent,24,0.0483810299,0.8223714808,0.8229717703,1,False
representational_warping,MFGl,congruent,wCue,adjusted,wCue_adjusted_congruent,24,0.04477916124,0.835412398,0.8348316517,1,False
representational_warping,Insular,congruent,wCue,adjusted,wCue_adjusted_congruent,24,0.04301658677,0.8418095591,0.8404515955,1,False
representational_warping,MFGr,attention,wCue,raw,wCue_raw_attention,24,-0.04078274306,0.8499310894,0.8487615124,1,False
representational_warping,precuneus,attention,rbCue,adjusted,rbCue_adjusted_attention,24,-0.03902517811,0.8563314926,0.8576314237,1,False
representational_warping,ECl,attention,rbCue,raw,rbCue_raw_attention,24,-0.03845004701,0.8584278375,0.8591514085,1,False
representational_warping,EC_bilateral,attention,rbCue,adjusted,rbCue_adjusted_attention,24,0.03718388686,0.8630462276,0.8630613694,1,False
representational_warping,IPLr,attention,rbCue,adjusted,rbCue_adjusted_attention,24,-0.03631031473,0.8662351796,0.8633913661,1,False
representational_warping,precuneus_bilateral,attention,rbCue,raw,rbCue_raw_attention,24,-0.03531670739,0.8698647774,0.8691513085,1,False
representational_warping,precuneusr,attention,rbCue,adjusted,rbCue_adjusted_attention,24,0.03069733063,0.8867715098,0.887301127,1,False
representational_warping,Insula_bilateral,attention,rbCue,adjusted,rbCue_adjusted_attention,24,0.0276557596,0.8979302201,0.8997610024,1,False
representational_warping,MFG_bilateral,attention,wCue,raw,wCue_raw_attention,24,0.0268014045,0.9010680908,0.9011609884,1,False
representational_warping,Amyr,attention,wCue,raw,wCue_raw_attention,24,-0.0266131022,0.9017598815,0.9027809722,1,False
representational_warping,IPLl,attention,rbCue,raw,rbCue_raw_attention,24,0.02608748912,0.9036912604,0.9035909641,1,False
representational_warping,Insula_bilateral,congruent,wCue,raw,wCue_raw_congruent,24,-0.0196216929,0.9274901063,0.9240507595,1,False
representational_warping,ECr,attention,rbCue,adjusted,rbCue_adjusted_attention,24,-0.01925647495,0.9288363652,0.927700723,1,False
representational_warping,Insulal,congruent,rbCue,raw,rbCue_raw_congruent,24,0.01956412427,0.9277023019,0.9279607204,1,False
representational_warping,HC_bilateral,attention,rbCue,adjusted,rbCue_adjusted_attention,24,0.01908434569,0.9294709305,0.9296907031,1,False
representational_warping,Insular,congruent,rbCue,raw,rbCue_raw_congruent,24,-0.01754632785,0.9351427364,0.9365406346,1,False
representational_warping,MFGr,congruent,wCue,raw,wCue_raw_congruent,24,-0.0163558461,0.9395350373,0.9393406066,1,False
representational_warping,IPL_bilateral,attention,wCue,adjusted,wCue_adjusted_attention,24,-0.01453978155,0.9462386902,0.9459505405,1,False
representational_warping,IPLl,congruent,wCue,adjusted,wCue_adjusted_congruent,24,0.01428465472,0.9471807357,0.9469205308,1,False
representational_warping,IPL_bilateral,attention,wCue,raw,wCue_raw_attention,24,0.01320765076,0.9511582716,0.9509404906,1,False
representational_warping,Amy_bilateral,attention,wCue,adjusted,wCue_adjusted_attention,24,0.01005184717,0.9628193006,0.9636803632,1,False
representational_warping,mPFC,congruent,rbCue,raw,rbCue_raw_congruent,24,-0.008530957369,0.9684419357,0.968100319,1,False
representational_warping,Insula_bilateral,congruent,rbCue,raw,rbCue_raw_congruent,24,0.007602571063,0.9718748561,0.9718802812,1,False
representational_warping,MFGl,congruent,rbCue,raw,rbCue_raw_congruent,24,-0.00265707763,0.9901686772,0.9901800982,1,False
representational_warping,precuneus_bilateral,attention,wCue,raw,wCue_raw_attention,24,0.002509343916,0.9907152759,0.990700093,1,False
representational_warping,precuneusr,congruent,rbCue,raw,rbCue_raw_congruent,24,0.002256270048,0.9916516309,0.9919500805,1,False
representational_warping,MFG_bilateral,congruent,rbCue,raw,rbCue_raw_congruent,24,-0.001945093266,0.9928029771,0.9925400746,1,False
representational_warping,MFGr,congruent,rbCue,raw,rbCue_raw_congruent,24,-0.0007526037638,0.9972152674,0.9972500275,1,False
