"","id","roi","model","TR","var","LL"
"1",1,"Amy_L","D1",540,0.119546216971665,-192.73270597113
"2",1,"Amy_R","D1",540,0.170716990685571,-288.934815860655
"3",1,"EC_L","D1",540,2.34325010034309,-996.142310246517
"4",1,"EC_R","D1",540,0.88602272454692,-733.553384267572
"5",1,"Hippo_L","D1",540,0.0935482721213739,-126.521829864492
"6",1,"Hippo_R","D1",540,0.091599193776927,-120.836949526789
"9",1,"mPFC","D1",540,0.21223686880633,-347.712680898361
"11",2,"Amy_L","D1",540,0.237110905115371,-377.635438758404
"12",2,"Amy_R","D1",540,0.21983141334373,-357.205338999804
"13",2,"EC_L","D1",540,0.705305918828821,-671.963424354982
"14",2,"EC_R","D1",540,0.801770424341183,-706.574907101674
"15",2,"Hippo_L","D1",540,0.105343485960265,-158.58398521798
"16",2,"Hippo_R","D1",540,0.0400077638175584,102.817264100574
"19",2,"mPFC","D1",540,0.169364138446012,-286.786669432207
"21",3,"Amy_L","D1",540,0.137430520191798,-230.374872664253
"22",3,"Amy_R","D1",540,0.135824987665657,-227.202027044645
"23",3,"EC_L","D1",540,0.950223640388694,-752.441171918163
"24",3,"EC_R","D1",540,2.13799155194362,-971.390860457836
"25",3,"Hippo_L","D1",540,0.0583045966904378,1.13326475285613
"26",3,"Hippo_R","D1",540,0.0818383914579755,-90.414428623363
"29",3,"mPFC","D1",540,0.151152695682271,-256.071332603989
"31",4,"Amy_L","D1",540,0.778837457430848,-698.739522149774
"32",4,"Amy_R","D1",540,0.646420460277403,-648.424425633309
"33",4,"EC_L","D1",540,1.84707382420022,-931.899528886494
"34",4,"EC_R","D1",540,1.86039649180968,-933.84000874541
"35",4,"Hippo_L","D1",540,0.240434478072351,-381.39373783983
"36",4,"Hippo_R","D1",540,0.342783742935776,-477.149818144919
"39",4,"mPFC","D1",540,0.0761142750425429,-70.836556695633
"41",6,"Amy_L","D1",540,0.0816002893503659,-89.6277407448643
"42",6,"Amy_R","D1",540,0.123540654025399,-201.606859363995
"43",6,"EC_L","D1",540,0.86161280758806,-726.01050007284
"44",6,"EC_R","D1",540,1.05969674570888,-781.882158055009
"45",6,"Hippo_L","D1",540,0.114856013786522,-181.926290867138
"46",6,"Hippo_R","D1",540,0.109690986757061,-169.503026943796
"49",6,"mPFC","D1",540,0.202861729877618,-335.514528211766
"51",7,"Amy_L","D1",547,0.412417450808893,-533.915173048281
"52",7,"Amy_R","D1",547,0.504351860363563,-588.953791656906
"53",7,"EC_L","D1",547,3.63482873861015,-1129.12808338445
"54",7,"EC_R","D1",547,4.35219520374335,-1178.39045676542
"55",7,"Hippo_L","D1",547,0.116118024775967,-187.273358592277
"56",7,"Hippo_R","D1",547,0.153150339167635,-262.981691958456
"59",7,"mPFC","D1",547,0.335831567554813,-477.731074730826
"61",9,"Amy_L","D1",547,0.613020817071806,-642.320406560071
"62",9,"Amy_R","D1",547,0.245097854619271,-391.591645343635
"63",9,"EC_L","D1",547,3.69165843535258,-1133.37110829542
"64",9,"EC_R","D1",547,3.71232833572737,-1134.89818623705
"65",9,"Hippo_L","D1",547,0.323643022309406,-467.620156654847
"66",9,"Hippo_R","D1",547,0.179638994243149,-306.61292859093
"69",9,"mPFC","D1",547,0.760677949097166,-701.344764082952
"71",10,"Amy_L","D1",547,0.472874629708257,-571.328395880747
"72",10,"Amy_R","D1",547,0.748925196475794,-697.086104717708
"73",10,"EC_L","D1",547,2.80992537178843,-1058.728070126
"74",10,"EC_R","D1",547,4.20822721366553,-1169.1902196042
"75",10,"Hippo_L","D1",547,0.235110133260789,-380.213093323554
"76",10,"Hippo_R","D1",547,0.558809423918304,-616.996931369871
"79",10,"mPFC","D1",547,1.10486185094105,-803.43288118467
"81",11,"Amy_L","D1",547,0.124359784743585,-206.027725505679
"82",11,"Amy_R","D1",547,0.115010177573291,-184.651449821983
"83",11,"EC_L","D1",547,1.73050562998849,-926.150507512722
"84",11,"EC_R","D1",547,0.973250495074478,-768.743757790924
"85",11,"Hippo_L","D1",547,0.114464663683314,-183.351103961474
"86",11,"Hippo_R","D1",547,0.0804034857393744,-86.7485433744506
"89",11,"mPFC","D1",547,0.788029861874556,-711.006400736892
"91",15,"Amy_L","D1",547,0.176600138506766,-301.946696680813
"92",15,"Amy_R","D1",547,0.098867712424494,-143.287882353558
"93",15,"EC_L","D1",547,2.10657322267812,-979.933988420063
"94",15,"EC_R","D1",547,1.66446251623058,-915.508245292232
"95",15,"Hippo_L","D1",547,0.14410177985611,-246.325489057141
"96",15,"Hippo_R","D1",547,0.170306548129241,-292.021919112893
"99",15,"mPFC","D1",547,0.67873994366263,-670.173416950809
"101",17,"Amy_L","D1",547,0.528745361612054,-601.871961862608
"102",17,"Amy_R","D1",547,0.438280551851675,-550.550309542713
"103",17,"EC_L","D1",547,1.39744365466801,-867.684677560118
"104",17,"EC_R","D1",547,2.14041234189923,-984.29246566344
"105",17,"Hippo_L","D1",547,0.284571777867895,-432.43284763391
"106",17,"Hippo_R","D1",547,0.367906277358393,-502.67932830062
"109",17,"mPFC","D1",547,0.51010774550033,-592.05741740796
"111",18,"Amy_L","D1",547,0.154943391834833,-266.165174073956
"112",18,"Amy_R","D1",547,0.103548665865833,-155.939714849969
"113",18,"EC_L","D1",547,0.553021656942359,-614.149433051217
"114",18,"EC_R","D1",547,1.13857290911398,-811.653016323489
"115",18,"Hippo_L","D1",547,0.0956277342682397,-134.174908016246
"116",18,"Hippo_R","D1",547,0.0921347286790159,-123.997716629102
"119",18,"mPFC","D1",547,0.170619825419861,-292.524557628115
"121",19,"Amy_L","D1",547,0.641099999384606,-654.569529445451
"122",19,"Amy_R","D1",547,0.443970163166283,-554.077946848216
"123",19,"EC_L","D1",547,1.59407240108263,-903.690239756475
"124",19,"EC_R","D1",547,0.949855756760978,-762.089131625686
"125",19,"Hippo_L","D1",547,0.841765089171562,-729.047827940011
"126",19,"Hippo_R","D1",547,0.411808027319619,-533.510727034142
"129",19,"mPFC","D1",547,0.286621360274374,-434.395627494505
"131",21,"Amy_L","D1",547,0.914349830043043,-751.669631216576
"132",21,"Amy_R","D1",547,0.297629474588972,-444.703103081198
"133",21,"EC_L","D1",547,3.5589335802478,-1123.35694581356
"134",21,"EC_R","D1",547,2.16159981635135,-986.986470655716
"135",21,"Hippo_L","D1",547,0.584105716561948,-629.105732567306
"136",21,"Hippo_R","D1",547,0.250273313036987,-397.30671103452
"139",21,"mPFC","D1",547,1.296693272183,-847.21943304706
"141",22,"Amy_L","D1",547,0.490597175483477,-581.391301797512
"142",22,"Amy_R","D1",547,0.26034744514602,-408.099976524287
"143",22,"EC_L","D1",547,2.97780051858699,-1074.59846066482
"144",22,"EC_R","D1",547,1.10992628597549,-804.683678381017
"145",22,"Hippo_L","D1",547,0.147918052156756,-253.474386395267
"146",22,"Hippo_R","D1",547,0.17509381459179,-299.603852248393
"149",22,"mPFC","D1",547,1.09445372659849,-800.844218340648
"151",23,"Amy_L","D1",547,0.184947877375775,-314.578559202381
"152",23,"Amy_R","D1",547,0.112159295477097,-177.786467659212
"153",23,"EC_L","D1",547,1.83368789123624,-941.990408418019
"154",23,"EC_R","D1",547,0.229721378784746,-373.871482044665
"155",23,"Hippo_L","D1",547,0.0482222456449648,53.0748001178776
"156",23,"Hippo_R","D1",547,0.0550981885753462,16.6182352898357
"159",23,"mPFC","D1",547,0.170920948515195,-293.006826184015
"161",24,"Amy_L","D1",547,0.0868769546368989,-107.92709049535
"162",24,"Amy_R","D1",547,0.113945520796281,-182.107850956618
"163",24,"EC_L","D1",547,0.500616158781928,-586.920455134528
"164",24,"EC_R","D1",547,0.218570649905566,-360.262703177488
"165",24,"Hippo_L","D1",547,0.0671792516637294,-37.6024845279362
"166",24,"Hippo_R","D1",547,0.0488120928425157,49.7496845326995
"169",24,"mPFC","D1",547,0.0892647629571532,-115.342773656939
"171",25,"Amy_L","D1",547,0.258482669800491,-406.133944721225
"172",25,"Amy_R","D1",547,0.128595205837337,-215.187425715968
"173",25,"EC_L","D1",547,0.568343929885937,-621.624073847565
"174",25,"EC_R","D1",547,0.270361638419172,-418.422795861822
"175",25,"Hippo_L","D1",547,0.106061001099035,-162.4962501747
"176",25,"Hippo_R","D1",547,0.0889677032677409,-114.431089023879
"179",25,"mPFC","D1",547,0.0898988858383105,-117.278806254675
"181",26,"Amy_L","D1",547,0.145072645485538,-248.161977515808
"182",26,"Amy_R","D1",547,0.34860781739994,-487.942965964331
"183",26,"EC_L","D1",547,0.364167106558692,-499.885422308636
"184",26,"EC_R","D1",547,0.265788851767836,-413.757361441147
"185",26,"Hippo_L","D1",547,0.0710058878075734,-52.7539347899696
"186",26,"Hippo_R","D1",547,0.0724979443450312,-58.4414786391243
"189",26,"mPFC","D1",547,0.114022989025781,-182.293732432971
"191",27,"Amy_L","D1",547,0.174764244859287,-299.088572716785
"192",27,"Amy_R","D1",547,0.522935292939975,-598.849998985216
"193",27,"EC_L","D1",547,2.71966877603106,-1049.798889842
"194",27,"EC_R","D1",547,0.969329550107392,-767.639679832891
"195",27,"Hippo_L","D1",547,0.166794444632366,-286.322766133007
"196",27,"Hippo_R","D1",547,0.219898920537937,-361.919753763029
"199",27,"mPFC","D1",547,0.768995395011471,-704.319051221221
"201",28,"Amy_L","D1",547,0.115877032144045,-186.705143825864
"202",28,"Amy_R","D1",547,0.15991033007784,-274.795024836787
"203",28,"EC_L","D1",547,2.6118147632041,-1038.73176483076
"204",28,"EC_R","D1",547,0.425900168721074,-542.713368998979
"205",28,"Hippo_L","D1",547,0.0620059276876744,-15.6857106725139
"206",28,"Hippo_R","D1",547,0.0744579034815417,-65.7372837231438
"209",28,"mPFC","D1",547,0.101421513027988,-150.262818909056
"211",29,"Amy_L","D1",547,0.112369298676528,-178.298080819302
"212",29,"Amy_R","D1",547,0.116219204356994,-187.511569379791
"213",29,"EC_L","D1",547,1.04884421491143,-789.202267252202
"214",29,"EC_R","D1",547,0.348144065231862,-487.578887330713
"215",29,"Hippo_L","D1",547,0.0602446763557625,-7.80459508476193
"216",29,"Hippo_R","D1",547,0.0529606403332587,27.4400389711947
"219",29,"mPFC","D1",547,0.224293363067637,-367.331460761603
"221",30,"Amy_L","D1",547,0.153782540387445,-264.108370067297
"222",30,"Amy_R","D1",547,0.194953782890242,-328.988857986429
"223",30,"EC_L","D1",547,0.715255867368131,-684.50544052147
"224",30,"EC_R","D1",547,0.267112219263232,-415.115743976624
"225",30,"Hippo_L","D1",547,0.0740893753123742,-64.3802388567377
"226",30,"Hippo_R","D1",547,0.0533958448037996,25.201734708266
"229",30,"mPFC","D1",547,0.0508264097720363,38.6898886372506
"231",31,"Amy_L","D1",547,0.302834536933094,-449.444836747185
"232",31,"Amy_R","D1",547,0.417185239786879,-537.058857746966
"233",31,"EC_L","D1",547,1.96260687552227,-960.573214936394
"234",31,"EC_R","D1",547,0.619571575681719,-645.227530373187
"235",31,"Hippo_L","D1",547,0.111919250590775,-177.20049186925
"236",31,"Hippo_R","D1",547,0.0730442872008939,-60.4948410393376
"239",31,"mPFC","D1",547,0.166939052952231,-286.55978386269
"241",1,"Amy_L","D2",540,0.12158666310618,-197.302249586079
"242",1,"Amy_R","D2",540,0.171241041679721,-289.76236699733
"243",1,"EC_L","D2",540,2.35419289316343,-997.400253944847
"244",1,"EC_R","D2",540,0.898405090130623,-737.300571284314
"245",1,"Hippo_L","D2",540,0.0940597193111646,-127.993953544108
"246",1,"Hippo_R","D2",540,0.0916813258354029,-121.078935498018
"249",1,"mPFC","D2",540,0.211510385530295,-346.786889994933
"251",2,"Amy_L","D2",540,0.23663355820435,-377.091332306205
"252",2,"Amy_R","D2",540,0.217358760272265,-354.151183219238
"253",2,"EC_L","D2",540,0.696151224233989,-668.435949096885
"254",2,"EC_R","D2",540,0.805253387019691,-707.745271086346
"255",2,"Hippo_L","D2",540,0.105703163897175,-159.504285417513
"256",2,"Hippo_R","D2",540,0.0408170229918512,97.4103267563707
"259",2,"mPFC","D2",540,0.169165463279017,-286.469755927604
"261",3,"Amy_L","D2",540,0.137783396389377,-231.067254988096
"262",3,"Amy_R","D2",540,0.13631688436482,-228.178078634343
"263",3,"EC_L","D2",540,0.947123316232767,-751.558794275841
"264",3,"EC_R","D2",540,2.13027713641876,-970.414870138659
"265",3,"Hippo_L","D2",540,0.0599144981762928,-6.22088179183841
"266",3,"Hippo_R","D2",540,0.0821587490012648,-91.4692841710506
"269",3,"mPFC","D2",540,0.151144757298378,-256.057152109708
"271",4,"Amy_L","D2",540,0.776448479127374,-697.910060976019
"272",4,"Amy_R","D2",540,0.644628620428558,-647.674962151158
"273",4,"EC_L","D2",540,1.85034798026875,-932.377712018591
"274",4,"EC_R","D2",540,1.85895841199529,-933.631219006718
"275",4,"Hippo_L","D2",540,0.239863825397799,-380.752152002381
"276",4,"Hippo_R","D2",540,0.342071275796889,-476.58804611541
"279",4,"mPFC","D2",540,0.0763435275782307,-71.6485614631868
"281",6,"Amy_L","D2",540,0.0826154709979788,-92.9660626709926
"282",6,"Amy_R","D2",540,0.1260891021692,-207.119863223595
"283",6,"EC_L","D2",540,0.854003261323858,-723.615336023998
"284",6,"EC_R","D2",540,1.0633671553524,-782.815725424867
"285",6,"Hippo_L","D2",540,0.114437973431535,-180.941781658901
"286",6,"Hippo_R","D2",540,0.110626974875265,-171.797150495454
"289",6,"mPFC","D2",540,0.20519570043231,-338.603205810254
"291",7,"Amy_L","D2",547,0.413077154387863,-534.352314529578
"292",7,"Amy_R","D2",547,0.500708401524116,-586.970845170007
"293",7,"EC_L","D2",547,3.63394174019166,-1129.06133369979
"294",7,"EC_R","D2",547,4.2918000215195,-1174.56853167034
"295",7,"Hippo_L","D2",547,0.116445083099711,-188.042616548373
"296",7,"Hippo_R","D2",547,0.153352426839884,-263.34234766861
"299",7,"mPFC","D2",547,0.339860191105312,-480.992448228965
"301",9,"Amy_L","D2",547,0.609085008404202,-640.558779424854
"302",9,"Amy_R","D2",547,0.243197033470055,-389.462287764762
"303",9,"EC_L","D2",547,3.66361206016079,-1131.28533298736
"304",9,"EC_R","D2",547,3.68452912897837,-1132.84241623505
"305",9,"Hippo_L","D2",547,0.32036160372899,-464.83298490982
"306",9,"Hippo_R","D2",547,0.175674269054303,-300.509034035505
"309",9,"mPFC","D2",547,0.76063760120875,-701.330256708092
"311",10,"Amy_L","D2",547,0.472221145945413,-570.950174239671
"312",10,"Amy_R","D2",547,0.748112331777607,-696.789093436953
"313",10,"EC_L","D2",547,2.80365497491602,-1058.11706818003
"314",10,"EC_R","D2",547,4.20321050144613,-1168.86398026173
"315",10,"Hippo_L","D2",547,0.234666697945254,-379.696764774496
"316",10,"Hippo_R","D2",547,0.558322252328655,-616.75838932322
"319",10,"mPFC","D2",547,1.10223722193519,-802.782401665831
"321",11,"Amy_L","D2",547,0.123292445129046,-203.670232563513
"322",11,"Amy_R","D2",547,0.114541161406479,-183.533825322868
"323",11,"EC_L","D2",547,1.72627790797649,-925.481514193297
"324",11,"EC_R","D2",547,0.978516253928603,-770.219537149988
"325",11,"Hippo_L","D2",547,0.114252674065396,-182.844109802884
"326",11,"Hippo_R","D2",547,0.0803760248369834,-86.6551165833122
"329",11,"mPFC","D2",547,0.790807032054264,-711.968573372262
"331",15,"Amy_L","D2",547,0.171951750481953,-294.651315162611
"332",15,"Amy_R","D2",547,0.0976019946137319,-139.763892668842
"333",15,"EC_L","D2",547,2.12826666029222,-982.736081179096
"334",15,"EC_R","D2",547,1.67262534488638,-916.846261061061
"335",15,"Hippo_L","D2",547,0.141854423100332,-242.026475980624
"336",15,"Hippo_R","D2",547,0.170077918836471,-291.654510332266
"339",15,"mPFC","D2",547,0.655084852300807,-660.471474206381
"341",17,"Amy_L","D2",547,0.527281362403014,-601.113640068132
"342",17,"Amy_R","D2",547,0.436019698810687,-549.135819075601
"343",17,"EC_L","D2",547,1.39630367150471,-867.46147526151
"344",17,"EC_R","D2",547,2.13419795579572,-983.497241922167
"345",17,"Hippo_L","D2",547,0.291985899726573,-439.467266528648
"346",17,"Hippo_R","D2",547,0.368415257413997,-503.05744047256
"349",17,"mPFC","D2",547,0.509772605500222,-591.877669277233
"351",18,"Amy_L","D2",547,0.15646400235424,-268.83621073094
"352",18,"Amy_R","D2",547,0.103654466272778,-156.21901964151
"353",18,"EC_L","D2",547,0.554470565446233,-614.865061917744
"354",18,"EC_R","D2",547,1.13599880271241,-811.033982509151
"355",18,"Hippo_L","D2",547,0.0956463776430839,-134.228223783707
"356",18,"Hippo_R","D2",547,0.0922290163345745,-124.277464429209
"359",18,"mPFC","D2",547,0.169960612859988,-291.465807095131
"361",19,"Amy_L","D2",547,0.644096255166417,-655.844785949058
"362",19,"Amy_R","D2",547,0.443031873079104,-553.49931810989
"363",19,"EC_L","D2",547,1.59282325772481,-903.475836297789
"364",19,"EC_R","D2",547,0.949670224883002,-762.035704645189
"365",19,"Hippo_L","D2",547,0.845059587836837,-730.116162477582
"366",19,"Hippo_R","D2",547,0.41282997438782,-534.188606699303
"369",19,"mPFC","D2",547,0.286951165534352,-434.710153537808
"371",21,"Amy_L","D2",547,0.915377672750472,-751.97690649076
"372",21,"Amy_R","D2",547,0.296151912202951,-443.34194843515
"373",21,"EC_L","D2",547,3.57231749359334,-1124.38355518686
"374",21,"EC_R","D2",547,2.16519690933794,-987.441220541534
"375",21,"Hippo_L","D2",547,0.584831404016343,-629.445315494019
"376",21,"Hippo_R","D2",547,0.250762485161337,-397.84075917639
"379",21,"mPFC","D2",547,1.29658174770604,-847.195909167615
"381",22,"Amy_L","D2",547,0.49173469004935,-582.024713750719
"382",22,"Amy_R","D2",547,0.258626506646072,-406.286095872559
"383",22,"EC_L","D2",547,2.92933913456186,-1070.11084511079
"384",22,"EC_R","D2",547,1.07762384597702,-796.605820480444
"385",22,"Hippo_L","D2",547,0.14797904849791,-253.587145185435
"386",22,"Hippo_R","D2",547,0.171563381332783,-294.032891124094
"389",22,"mPFC","D2",547,1.09731568185052,-801.558477060826
"391",23,"Amy_L","D2",547,0.185491743786157,-315.381645922146
"392",23,"Amy_R","D2",547,0.113944313210327,-182.104952409082
"393",23,"EC_L","D2",547,1.83356129629167,-941.971525753884
"394",23,"EC_R","D2",547,0.228331715605147,-372.211962437115
"395",23,"Hippo_L","D2",547,0.0478529688392381,55.1772716922846
"396",23,"Hippo_R","D2",547,0.055560118525526,14.3348355429326
"399",23,"mPFC","D2",547,0.172212724118894,-295.066095354357
"401",24,"Amy_L","D2",547,0.0862923339803582,-106.080407884321
"402",24,"Amy_R","D2",547,0.114001329117482,-182.241773194712
"403",24,"EC_L","D2",547,0.501615862308567,-587.466075309223
"404",24,"EC_R","D2",547,0.220324036902344,-362.447983196967
"405",24,"Hippo_L","D2",547,0.0671117841731633,-37.3276730320338
"406",24,"Hippo_R","D2",547,0.0488355756860535,49.6181389888441
"409",24,"mPFC","D2",547,0.0892314032465381,-115.240543103158
"411",25,"Amy_L","D2",547,0.255140428984929,-402.574463974975
"412",25,"Amy_R","D2",547,0.128155790184966,-214.251263441052
"413",25,"EC_L","D2",547,0.565355073383988,-620.181972999232
"414",25,"EC_R","D2",547,0.268089667840869,-416.114740765122
"415",25,"Hippo_L","D2",547,0.104299941237574,-157.916872280747
"416",25,"Hippo_R","D2",547,0.0888204669622355,-113.978087694154
"419",25,"mPFC","D2",547,0.0884767266342479,-112.917573474024
"421",26,"Amy_L","D2",547,0.145477338832712,-248.923868467472
"422",26,"Amy_R","D2",547,0.349555264918496,-488.68527692851
"423",26,"EC_L","D2",547,0.361301629582786,-497.724854969244
"424",26,"EC_R","D2",547,0.266668879702841,-414.6614251636
"425",26,"Hippo_L","D2",547,0.071292936376202,-53.8573576813145
"426",26,"Hippo_R","D2",547,0.0727027529479058,-59.2130340252793
"429",26,"mPFC","D2",547,0.114199380047208,-182.716503909425
"431",27,"Amy_L","D2",547,0.177838771867704,-303.858267862001
"432",27,"Amy_R","D2",547,0.523114608470066,-598.943766592084
"433",27,"EC_L","D2",547,2.74881397763365,-1052.71424624843
"434",27,"EC_R","D2",547,0.955835286816057,-763.805471577659
"435",27,"Hippo_L","D2",547,0.16963164013994,-290.935912397692
"436",27,"Hippo_R","D2",547,0.220855711643887,-363.10718440775
"439",27,"mPFC","D2",547,0.768946739551376,-704.301745929896
"441",28,"Amy_L","D2",547,0.115853221307124,-186.648938269414
"442",28,"Amy_R","D2",547,0.159881128448319,-274.74507574976
"443",28,"EC_L","D2",547,2.5778347911963,-1035.15015298603
"444",28,"EC_R","D2",547,0.423762564523155,-541.337208885748
"445",28,"Hippo_L","D2",547,0.0616963671270533,-14.3168599136779
"446",28,"Hippo_R","D2",547,0.0736542167756656,-62.7691205365417
"449",28,"mPFC","D2",547,0.101739578400332,-151.119193028702
"451",29,"Amy_L","D2",547,0.112136143877611,-177.730006747656
"452",29,"Amy_R","D2",547,0.115946014022861,-186.867910597546
"453",29,"EC_L","D2",547,1.05716869487024,-791.364416511172
"454",29,"EC_R","D2",547,0.347495467821886,-487.068877664491
"455",29,"Hippo_L","D2",547,0.0602618467910511,-7.88253466779176
"456",29,"Hippo_R","D2",547,0.052976919836354,27.3559810766295
"459",29,"mPFC","D2",547,0.223498357588635,-366.360320756422
"461",30,"Amy_L","D2",547,0.149589314140129,-256.547217608432
"462",30,"Amy_R","D2",547,0.194224749761516,-327.96418279391
"463",30,"EC_L","D2",547,0.715555732476513,-684.620079106106
"464",30,"EC_R","D2",547,0.26650964146924,-414.49805902466
"465",30,"Hippo_L","D2",547,0.0740827823428576,-64.3558999094954
"466",30,"Hippo_R","D2",547,0.0536727106636349,23.7872581401491
"469",30,"mPFC","D2",547,0.050737234441113,39.1701679628689
"471",31,"Amy_L","D2",547,0.302189280736157,-448.861462567135
"472",31,"Amy_R","D2",547,0.416300088227183,-536.47794999862
"473",31,"EC_L","D2",547,1.95839893606846,-959.986186027108
"474",31,"EC_R","D2",547,0.622628362167349,-646.573582270101
"475",31,"Hippo_L","D2",547,0.112026352634801,-177.462094783997
"476",31,"Hippo_R","D2",547,0.0734064430669601,-61.8475120856368
"479",31,"mPFC","D2",547,0.166283628156279,-285.483873229781
"481",1,"Amy_L","E",540,0.121602889762872,-197.338280717036
"482",1,"Amy_R","E",540,0.171359337821249,-289.948823063307
"483",1,"EC_L","E",540,2.35647376237614,-997.661717886403
"484",1,"EC_R","E",540,0.900513009424547,-737.933327683824
"485",1,"Hippo_L","E",540,0.0940607385519768,-127.996879276082
"486",1,"Hippo_R","E",540,0.0916557501112115,-121.003604902275
"489",1,"mPFC","E",540,0.210639355272473,-345.672695288068
"491",2,"Amy_L","E",540,0.236375678282029,-376.796929657993
"492",2,"Amy_R","E",540,0.219833558204359,-357.207973334615
"493",2,"EC_L","E",540,0.707203070540306,-672.688702953515
"494",2,"EC_R","E",540,0.806665643572566,-708.21838339485
"495",2,"Hippo_L","E",540,0.105074193599353,-157.892893316437
"496",2,"Hippo_R","E",540,0.0409975495669275,96.2187968650194
"499",2,"mPFC","E",540,0.169598748769345,-287.160425969011
"501",3,"Amy_L","E",540,0.137613345880914,-230.733818631937
"502",3,"Amy_R","E",540,0.135744252109453,-227.041488974609
"503",3,"EC_L","E",540,0.950131028429982,-752.414855537035
"504",3,"EC_R","E",540,2.1379314164737,-971.383266038105
"505",3,"Hippo_L","E",540,0.05912940003046,-2.65951365934613
"506",3,"Hippo_R","E",540,0.0816832913124625,-89.9022390331234
"509",3,"mPFC","E",540,0.151327387044952,-256.383198910971
"511",4,"Amy_L","E",540,0.78063535289701,-699.362081245026
"512",4,"Amy_R","E",540,0.646926782837675,-648.635826088964
"513",4,"EC_L","E",540,1.83979335449155,-930.833187583072
"514",4,"EC_R","E",540,1.85368605145971,-932.864359526596
"515",4,"Hippo_L","E",540,0.240635860484314,-381.619789001368
"516",4,"Hippo_R","E",540,0.344004520688987,-478.109678288043
"519",4,"mPFC","E",540,0.0762534219359326,-71.3297015341322
"521",6,"Amy_L","E",540,0.0819923991144935,-90.9220509007498
"522",6,"Amy_R","E",540,0.125025892289215,-204.833513230124
"523",6,"EC_L","E",540,0.854501160162858,-723.772704876715
"524",6,"EC_R","E",540,1.06596396240919,-783.47427800702
"525",6,"Hippo_L","E",540,0.113195995001488,-177.995494635722
"526",6,"Hippo_R","E",540,0.110396028076965,-171.232904626004
"529",6,"mPFC","E",540,0.205716631596907,-339.287787307709
"531",7,"Amy_L","E",547,0.408614917773488,-531.381776653712
"532",7,"Amy_R","E",547,0.484035262808001,-577.708456523289
"533",7,"EC_L","E",547,3.60830514882245,-1127.12501831761
"534",7,"EC_R","E",547,4.26557402561932,-1172.89212199226
"535",7,"Hippo_L","E",547,0.116480748712753,-188.126373211748
"536",7,"Hippo_R","E",547,0.151255624956127,-259.576955585624
"539",7,"mPFC","E",547,0.340857662880855,-481.793980682593
"541",9,"Amy_L","E",547,0.613841427841534,-642.686278246027
"542",9,"Amy_R","E",547,0.24464038500679,-391.080686773195
"543",9,"EC_L","E",547,3.69386179116952,-1133.53429729642
"544",9,"EC_R","E",547,3.68071462969089,-1132.55912197281
"545",9,"Hippo_L","E",547,0.323522873056041,-467.518603648398
"546",9,"Hippo_R","E",547,0.178671563207197,-305.136036404621
"549",9,"mPFC","E",547,0.762724002571449,-702.079430283272
"551",10,"Amy_L","E",547,0.473204453734171,-571.519092147731
"552",10,"Amy_R","E",547,0.746571303362121,-696.225132728393
"553",10,"EC_L","E",547,2.77226750417759,-1055.03791349216
"554",10,"EC_R","E",547,4.17131076621599,-1166.78036986693
"555",10,"Hippo_L","E",547,0.233441045673503,-378.26454466309
"556",10,"Hippo_R","E",547,0.558749036505926,-616.967374155844
"559",10,"mPFC","E",547,1.1062991227824,-803.788435491789
"561",11,"Amy_L","E",547,0.124264155803656,-205.817331315137
"562",11,"Amy_R","E",547,0.114972666359911,-184.56223171532
"563",11,"EC_L","E",547,1.71345194875769,-923.441867912802
"564",11,"EC_R","E",547,0.979169498379558,-770.40206119784
"565",11,"Hippo_L","E",547,0.114287012057709,-182.926296324863
"566",11,"Hippo_R","E",547,0.0804694170432494,-86.972722988388
"569",11,"mPFC","E",547,0.788283754708486,-711.094504639503
"571",15,"Amy_L","E",547,0.177160442026344,-302.81306308328
"572",15,"Amy_R","E",547,0.0995018279430879,-145.036449041273
"573",15,"EC_L","E",547,2.11811027144558,-981.42777638606
"574",15,"EC_R","E",547,1.6742997094831,-917.119908512358
"575",15,"Hippo_L","E",547,0.145532615789687,-249.027770397109
"576",15,"Hippo_R","E",547,0.173135691912915,-296.527994589782
"579",15,"mPFC","E",547,0.677425877682758,-669.643397461577
"581",17,"Amy_L","E",547,0.532214402956717,-603.660505067807
"582",17,"Amy_R","E",547,0.43832895157528,-550.580510731196
"583",17,"EC_L","E",547,1.39691454269433,-867.581103060136
"584",17,"EC_R","E",547,2.14289892225906,-984.610014290131
"585",17,"Hippo_L","E",547,0.290875135470665,-438.424841753573
"586",17,"Hippo_R","E",547,0.368458572092877,-503.089594049504
"589",17,"mPFC","E",547,0.507308733960977,-590.552563490634
"591",18,"Amy_L","E",547,0.156456526472065,-268.823142532551
"592",18,"Amy_R","E",547,0.103452227394084,-155.684876104916
"593",18,"EC_L","E",547,0.554851369258789,-615.052834003676
"594",18,"EC_R","E",547,1.12111647869301,-807.427277402611
"595",18,"Hippo_L","E",547,0.0950455795364136,-132.504828331638
"596",18,"Hippo_R","E",547,0.0921038428700809,-123.906017385541
"599",18,"mPFC","E",547,0.16785618826551,-288.058234884397
"601",19,"Amy_L","E",547,0.638477948258444,-653.448641127424
"602",19,"Amy_R","E",547,0.44248234704466,-553.159864747542
"603",19,"EC_L","E",547,1.59409581530633,-903.694256978747
"604",19,"EC_R","E",547,0.949429062306204,-761.966242278947
"605",19,"Hippo_L","E",547,0.839390217337985,-728.27511184885
"606",19,"Hippo_R","E",547,0.40948567790132,-531.963986191645
"609",19,"mPFC","E",547,0.286390333973277,-434.175088551206
"611",21,"Amy_L","E",547,0.883896652615474,-742.40533906509
"612",21,"Amy_R","E",547,0.293628926315996,-441.001957698734
"613",21,"EC_L","E",547,3.57047457810514,-1124.24242342994
"614",21,"EC_R","E",547,2.16474207076617,-987.383760909697
"615",21,"Hippo_L","E",547,0.570638373177588,-622.725989281083
"616",21,"Hippo_R","E",547,0.250322963613305,-397.360964065559
"619",21,"mPFC","E",547,1.29109727665376,-846.036565164952
"621",22,"Amy_L","E",547,0.489716826656181,-580.900080681696
"622",22,"Amy_R","E",547,0.252918845242644,-400.182589416565
"623",22,"EC_L","E",547,2.99364330584493,-1076.04970515744
"624",22,"EC_R","E",547,1.08936427318065,-799.56941610894
"625",22,"Hippo_L","E",547,0.147287245335625,-252.305532518763
"626",22,"Hippo_R","E",547,0.169145932365597,-290.151674135876
"629",22,"mPFC","E",547,1.09773633710805,-801.663303017887
"631",23,"Amy_L","E",547,0.183151563823133,-311.909195429419
"632",23,"Amy_R","E",547,0.113775312258079,-181.698999089681
"633",23,"EC_L","E",547,1.82619420402146,-940.870412601756
"634",23,"EC_R","E",547,0.227638535162681,-371.380395041016
"635",23,"Hippo_L","E",547,0.047727369991559,55.896066060095
"636",23,"Hippo_R","E",547,0.0550615687379659,16.8000716724985
"639",23,"mPFC","E",547,0.171016684608171,-293.159975879028
"641",24,"Amy_L","E",547,0.0869089459149811,-108.027784678555
"642",24,"Amy_R","E",547,0.11400313767683,-182.246112065688
"643",24,"EC_L","E",547,0.500785649359353,-587.013036699673
"644",24,"EC_R","E",547,0.21985421334401,-361.864143391486
"645",24,"Hippo_L","E",547,0.0672471913606718,-37.8789406816184
"646",24,"Hippo_R","E",547,0.0483569020052256,52.3121398689154
"649",24,"mPFC","E",547,0.0893264621216754,-115.531749595267
"651",25,"Amy_L","E",547,0.255038943323838,-402.465653896869
"652",25,"Amy_R","E",547,0.127463241993656,-212.769273683423
"653",25,"EC_L","E",547,0.56701010902441,-620.981454609946
"654",25,"EC_R","E",547,0.26938903756455,-417.437131059595
"655",25,"Hippo_L","E",547,0.104485885615467,-158.404029877275
"656",25,"Hippo_R","E",547,0.0882158483057618,-112.109952953343
"659",25,"mPFC","E",547,0.0881633779928721,-111.947228223228
"661",26,"Amy_L","E",547,0.145398497154048,-248.775604521314
"662",26,"Amy_R","E",547,0.349727698136287,-488.820159339532
"663",26,"EC_L","E",547,0.364727950483621,-500.306308257189
"664",26,"EC_R","E",547,0.266042336591743,-414.018076141998
"665",26,"Hippo_L","E",547,0.0713527200097783,-54.0866086119732
"666",26,"Hippo_R","E",547,0.0727257872325728,-59.299672822606
"669",26,"mPFC","E",547,0.114042690934626,-182.340986119571
"671",27,"Amy_L","E",547,0.177119068858339,-302.749183795016
"672",27,"Amy_R","E",547,0.522720067673624,-598.737411007579
"673",27,"EC_L","E",547,2.73014914832978,-1050.85080951967
"674",27,"EC_R","E",547,0.96924550450919,-767.615965021264
"675",27,"Hippo_L","E",547,0.168153274968273,-288.541871467704
"676",27,"Hippo_R","E",547,0.221495806401135,-363.898708935892
"679",27,"mPFC","E",547,0.771082503422075,-705.060344243258
"681",28,"Amy_L","E",547,0.115714556767352,-186.32139048642
"682",28,"Amy_R","E",547,0.15994933878642,-274.861734602901
"683",28,"EC_L","E",547,2.61183651466868,-1038.73404255768
"684",28,"EC_R","E",547,0.425040271558194,-542.160611266549
"685",28,"Hippo_L","E",547,0.0615684710976316,-13.7493083376876
"686",28,"Hippo_R","E",547,0.0735466875333576,-62.3695407494418
"689",28,"mPFC","E",547,0.101840501461562,-151.390363562934
"691",29,"Amy_L","E",547,0.111526630695632,-176.239349500321
"692",29,"Amy_R","E",547,0.115292438100912,-185.321857257278
"693",29,"EC_L","E",547,1.05686364599391,-791.285485960638
"694",29,"EC_R","E",547,0.341884586585152,-482.61673288564
"695",29,"Hippo_L","E",547,0.0602977268963536,-8.04532902397299
"696",29,"Hippo_R","E",547,0.0526421809329703,29.0895954690665
"699",29,"mPFC","E",547,0.224391514424862,-367.451118891288
"701",30,"Amy_L","E",547,0.153566186983464,-263.723317776573
"702",30,"Amy_R","E",547,0.194948411105501,-328.981321824031
"703",30,"EC_L","E",547,0.7145571292919,-684.238126013197
"704",30,"EC_R","E",547,0.265634865410816,-413.598861666062
"705",30,"Hippo_L","E",547,0.0741791106451322,-64.7112952689945
"706",30,"Hippo_R","E",547,0.0536252446578467,24.0292376520796
"709",30,"mPFC","E",547,0.0509086019729642,38.2479646337225
"711",31,"Amy_L","E",547,0.302781398322354,-449.396841279336
"712",31,"Amy_R","E",547,0.416291982581359,-536.472624715782
"713",31,"EC_L","E",547,1.96409896954643,-960.781067396625
"714",31,"EC_R","E",547,0.621532151752065,-646.09162898062
"715",31,"Hippo_L","E",547,0.11150724102491,-176.191795512983
"716",31,"Hippo_R","E",547,0.0732941055269492,-61.428640806791
"719",31,"mPFC","E",547,0.167647081510925,-287.717310011608
"721",1,"Amy_L","diag",540,0.120377183263858,-194.602984533305
"722",1,"Amy_R","diag",540,0.171352570757297,-289.938160420885
"723",1,"EC_L","diag",540,2.3429912845669,-996.112486661301
"724",1,"EC_R","diag",540,0.886427268565566,-733.676633879528
"725",1,"Hippo_L","diag",540,0.0937726596774659,-127.168684100598
"726",1,"Hippo_R","diag",540,0.091653215967204,-120.996139704072
"729",1,"mPFC","diag",540,0.212155152643657,-347.608704560073
"730",2,"Amy_L","diag",540,0.237449767469999,-378.021028448342
"731",2,"Amy_R","diag",540,0.218880472234187,-356.034846427672
"732",2,"EC_L","diag",540,0.705787779275547,-672.147823627472
"733",2,"EC_R","diag",540,0.806341781002896,-708.109961209491
"734",2,"Hippo_L","diag",540,0.106018896745223,-160.309566944696
"735",2,"Hippo_R","diag",540,0.0410434097392525,95.9169415985241
"738",2,"mPFC","diag",540,0.169595426779418,-287.155137332914
"739",3,"Amy_L","diag",540,0.13736130330787,-230.238852903419
"740",3,"Amy_R","diag",540,0.1357139237477,-226.981158076993
"741",3,"EC_L","diag",540,0.947370465304519,-751.629240798708
"742",3,"EC_R","diag",540,2.13410668024184,-970.89980637078
"743",3,"Hippo_L","diag",540,0.0588459898671226,-1.36227884846914
"744",3,"Hippo_R","diag",540,0.0819143328143939,-90.664857039672
"747",3,"mPFC","diag",540,0.15141587014191,-256.541025295485
"748",4,"Amy_L","diag",540,0.77428382153589,-697.156277838774
"749",4,"Amy_R","diag",540,0.644291416901108,-647.533688911777
"750",4,"EC_L","diag",540,1.84823686626932,-932.069485566908
"751",4,"EC_R","diag",540,1.85716718921579,-933.370931686095
"752",4,"Hippo_L","diag",540,0.23953101384108,-380.377266303181
"753",4,"Hippo_R","diag",540,0.340686208112455,-475.492580165588
"756",4,"mPFC","diag",540,0.076253470504684,-71.3298735075122
"757",6,"Amy_L","diag",540,0.0813578196161658,-88.8242596912096
"758",6,"Amy_R","diag",540,0.12378622955519,-202.143035730054
"759",6,"EC_L","diag",540,0.856288142078999,-724.336754806416
"760",6,"EC_R","diag",540,1.05460864965009,-780.582640406429
"761",6,"Hippo_L","diag",540,0.114218846459158,-180.424287357336
"762",6,"Hippo_R","diag",540,0.109316637376227,-168.580004910552
"765",6,"mPFC","diag",540,0.202672761088884,-335.262901887556
"766",7,"Amy_L","diag",547,0.41246515253803,-533.94680524147
"767",7,"Amy_R","diag",547,0.500363573119989,-586.782426006056
"768",7,"EC_L","diag",547,3.63385733968558,-1129.05498142226
"769",7,"EC_R","diag",547,4.30431916175091,-1175.36516726859
"770",7,"Hippo_L","diag",547,0.116058667450182,-187.133514848271
"771",7,"Hippo_R","diag",547,0.153292688523621,-263.235785203493
"774",7,"mPFC","diag",547,0.335300932196502,-477.298585465909
"775",9,"Amy_L","diag",547,0.613893679884825,-642.709558404359
"776",9,"Amy_R","diag",547,0.245169720240792,-391.671827059232
"777",9,"EC_L","diag",547,3.69528541684272,-1133.63968472895
"778",9,"EC_R","diag",547,3.69910304068791,-1133.92209353677
"779",9,"Hippo_L","diag",547,0.321506914738341,-465.809019360759
"780",9,"Hippo_R","diag",547,0.17758839178713,-303.47293454836
"783",9,"mPFC","diag",547,0.758542874036913,-700.5760234173
"784",10,"Amy_L","diag",547,0.473455671269967,-571.664250892329
"785",10,"Amy_R","diag",547,0.748852890168477,-697.059697901848
"786",10,"EC_L","diag",547,2.81298614273735,-1059.02582367771
"787",10,"EC_R","diag",547,4.20713840292886,-1169.11944674615
"788",10,"Hippo_L","diag",547,0.235018963619078,-380.107016514073
"789",10,"Hippo_R","diag",547,0.558592897139939,-616.890935394191
"792",10,"mPFC","diag",547,1.10601201843752,-803.717448154337
"793",11,"Amy_L","diag",547,0.123843469886011,-204.889849070936
"794",11,"Amy_R","diag",547,0.114390407387965,-183.173619605147
"795",11,"EC_L","diag",547,1.72201564299207,-924.805394222834
"796",11,"EC_R","diag",547,0.966512985325964,-766.843818602248
"797",11,"Hippo_L","diag",547,0.114421245886607,-183.247342506135
"798",11,"Hippo_R","diag",547,0.0802882919639729,-86.3564199762358
"801",11,"mPFC","diag",547,0.793123108083476,-712.768415776168
"802",15,"Amy_L","diag",547,0.17736946424518,-303.13556103036
"803",15,"Amy_R","diag",547,0.0996928836922116,-145.561099148497
"804",15,"EC_L","diag",547,2.12877089753494,-982.800872191463
"805",15,"EC_R","diag",547,1.67525438337784,-917.275811841603
"806",15,"Hippo_L","diag",547,0.145391336451978,-248.762134641764
"807",15,"Hippo_R","diag",547,0.173141939932155,-296.537864319185
"810",15,"mPFC","diag",547,0.665082198438689,-664.613868817076
"811",17,"Amy_L","diag",547,0.523163443398815,-598.969297765177
"812",17,"Amy_R","diag",547,0.436692035846153,-549.55722790575
"813",17,"EC_L","diag",547,1.39551509135301,-867.30696904492
"814",17,"EC_R","diag",547,2.14354948771975,-984.693033908167
"815",17,"Hippo_L","diag",547,0.289098927328709,-436.749613577718
"816",17,"Hippo_R","diag",547,0.368377858499131,-503.029675274966
"819",17,"mPFC","diag",547,0.509791886491839,-591.888013598263
"820",18,"Amy_L","diag",547,0.155656022165587,-267.420197288284
"821",18,"Amy_R","diag",547,0.103658615127814,-156.229966484274
"822",18,"EC_L","diag",547,0.555317958156938,-615.282730593334
"823",18,"EC_R","diag",547,1.14033016094887,-812.074805629415
"824",18,"Hippo_L","diag",547,0.0956040723311232,-134.107225344106
"825",18,"Hippo_R","diag",547,0.0921797244731939,-124.131253090749
"828",18,"mPFC","diag",547,0.170551430585551,-292.414900163689
"829",19,"Amy_L","diag",547,0.643177226882776,-655.454263994265
"830",19,"Amy_R","diag",547,0.443554882090395,-553.822000532894
"831",19,"EC_L","diag",547,1.59316640150733,-903.534750377821
"832",19,"EC_R","diag",547,0.949640957679756,-762.027275715625
"833",19,"Hippo_L","diag",547,0.844264350724057,-729.858666136654
"834",19,"Hippo_R","diag",547,0.412896774126658,-534.232857969218
"837",19,"mPFC","diag",547,0.286970762371915,-434.728831113329
"838",21,"Amy_L","diag",547,0.914765757778915,-751.794015086551
"839",21,"Amy_R","diag",547,0.296312842611571,-443.490529316907
"840",21,"EC_L","diag",547,3.55655275954438,-1123.17392122308
"841",21,"EC_R","diag",547,2.16133414880997,-986.952854563846
"842",21,"Hippo_L","diag",547,0.58351581356135,-628.829378491558
"843",21,"Hippo_R","diag",547,0.250364838528764,-397.406712291722
"846",21,"mPFC","diag",547,1.29670095009253,-847.221052475559
"847",22,"Amy_L","diag",547,0.491890179277287,-582.111182292785
"848",22,"Amy_R","diag",547,0.256100478100706,-403.601665586488
"849",22,"EC_L","diag",547,2.99076231880263,-1075.78637072914
"850",22,"EC_R","diag",547,1.08687058909678,-798.942624481562
"851",22,"Hippo_L","diag",547,0.148445118568005,-254.447198334777
"852",22,"Hippo_R","diag",547,0.171008987455842,-293.147665860604
"855",22,"mPFC","diag",547,1.09966145126153,-802.142523356116
"856",23,"Amy_L","diag",547,0.185099677122793,-314.802947839103
"857",23,"Amy_R","diag",547,0.11198547402118,-177.36227593857
"858",23,"EC_L","diag",547,1.83420739356398,-942.067882760417
"859",23,"EC_R","diag",547,0.228700729357439,-372.65361722244
"860",23,"Hippo_L","diag",547,0.0482069335207383,53.1616590136471
"861",23,"Hippo_R","diag",547,0.0553543811578123,15.3494771770926
"864",23,"mPFC","diag",547,0.172528783681489,-295.567585964758
"865",24,"Amy_L","diag",547,0.0863920481352501,-106.396265335469
"866",24,"Amy_R","diag",547,0.113952182198697,-182.123839652751
"867",24,"EC_L","diag",547,0.501936506421519,-587.640846792225
"868",24,"EC_R","diag",547,0.219894130743303,-361.913796375441
"869",24,"Hippo_L","diag",547,0.0673003927213225,-38.0952295580864
"870",24,"Hippo_R","diag",547,0.0488213096892327,49.6980463121885
"873",24,"mPFC","diag",547,0.0889515640000184,-114.381470005074
"874",25,"Amy_L","diag",547,0.256312777484443,-403.828294714995
"875",25,"Amy_R","diag",547,0.128105536345185,-214.143994618695
"876",25,"EC_L","diag",547,0.565397069697107,-620.202288665603
"877",25,"EC_R","diag",547,0.268159790615093,-416.1862693366
"878",25,"Hippo_L","diag",547,0.105001953650702,-159.751553377007
"879",25,"Hippo_R","diag",547,0.0888319368105747,-114.013403889809
"882",25,"mPFC","diag",547,0.0886024531724998,-113.305944529588
"883",26,"Amy_L","diag",547,0.145521845996463,-249.007529934688
"884",26,"Amy_R","diag",547,0.349515333062882,-488.654031550564
"885",26,"EC_L","diag",547,0.364083033198596,-499.822273500739
"886",26,"EC_R","diag",547,0.266594786547242,-414.585423442615
"887",26,"Hippo_L","diag",547,0.0709838782290604,-52.6691453021136
"888",26,"Hippo_R","diag",547,0.0723828494154183,-58.0069356047579
"891",26,"mPFC","diag",547,0.114568557135373,-183.59923269132
"892",27,"Amy_L","diag",547,0.175490168342639,-300.222264967279
"893",27,"Amy_R","diag",547,0.523204670037899,-598.990849426873
"894",27,"EC_L","diag",547,2.73013552368377,-1050.84944463087
"895",27,"EC_R","diag",547,0.961397085425,-765.392296637247
"896",27,"Hippo_L","diag",547,0.168828420194955,-289.637791330508
"897",27,"Hippo_R","diag",547,0.221879227927172,-364.371743299097
"900",27,"mPFC","diag",547,0.771936035315378,-705.362921290478
"901",28,"Amy_L","diag",547,0.115861923103795,-186.669480227486
"902",28,"Amy_R","diag",547,0.159987369149845,-274.926755616043
"903",28,"EC_L","diag",547,2.59602013597663,-1037.07278605154
"904",28,"EC_R","diag",547,0.425484066080906,-542.446030054951
"905",28,"Hippo_L","diag",547,0.0617832507380078,-14.7017440253794
"906",28,"Hippo_R","diag",547,0.0737082130418984,-62.9695512636121
"909",28,"mPFC","diag",547,0.101788173511771,-151.249796969503
"910",29,"Amy_L","diag",547,0.111794866826306,-176.896362979393
"911",29,"Amy_R","diag",547,0.116192827963298,-187.449490462148
"912",29,"EC_L","diag",547,1.05294737450266,-790.270132952592
"913",29,"EC_R","diag",547,0.34779192061828,-487.302104517372
"914",29,"Hippo_L","diag",547,0.0600544317360962,-6.9395521483678
"915",29,"Hippo_R","diag",547,0.0530953221841211,26.7453961592712
"918",29,"mPFC","diag",547,0.224202812957251,-367.221023006051
"919",30,"Amy_L","diag",547,0.151816232963445,-260.588771502333
"920",30,"Amy_R","diag",547,0.194702917739884,-328.636693488852
"921",30,"EC_L","diag",547,0.715010189907239,-684.411482078042
"922",30,"EC_R","diag",547,0.265199640029266,-413.150382272555
"923",30,"Hippo_L","diag",547,0.0739915713599499,-64.0189582804209
"924",30,"Hippo_R","diag",547,0.0536382807736023,23.9627588064073
"927",30,"mPFC","diag",547,0.0509299077829587,38.1335258201052
"928",31,"Amy_L","diag",547,0.301784501006221,-448.494866280809
"929",31,"Amy_R","diag",547,0.416017173531774,-536.292018081238
"930",31,"EC_L","diag",547,1.95731966675276,-959.835419235487
"931",31,"EC_R","diag",547,0.622219159390324,-646.393773961679
"932",31,"Hippo_L","diag",547,0.111898204677047,-177.149056583162
"933",31,"Hippo_R","diag",547,0.0734205343543046,-61.9000088020883
"936",31,"mPFC","diag",547,0.168129498319161,-288.503196197607
